date,local_time,h_team,a_team,venue
24-Mar-19,15:20,Fremantle,North Melbourne,Optus Stadium
24-Mar-19,15:20,GWS Giants,Essendon,Spotless Stadium
24-Mar-19,13:10,St Kilda,Gold Coast,Marvel Stadium
23-Mar-19,19:20,Brisbane,West Coast,Gabba
23-Mar-19,19:25,Western Bulldogs,Sydney,Marvel Stadium
23-Mar-19,16:05,Adelaide,Hawthorn,Adelaide Oval
23-Mar-19,13:45,Melbourne,Port Adelaide,MCG
22-Mar-19,19:50,Collingwood,Geelong,MCG
21-Mar-19,19:20,Carlton,Richmond,MCG
29-Sep-18,14:30,West Coast,Collingwood,MCG
22-Sep-18,13:20,West Coast,Melbourne,Optus Stadium
21-Sep-18,19:50,Richmond,Collingwood,MCG
15-Sep-18,19:25,Collingwood,GWS Giants,MCG
14-Sep-18,19:50,Hawthorn,Melbourne,MCG
8-Sep-18,18:10,West Coast,Collingwood,Optus Stadium
8-Sep-18,16:20,Sydney,GWS Giants,SCG
7-Sep-18,19:50,Melbourne,Geelong,MCG
6-Sep-18,19:20,Richmond,Hawthorn,MCG
26-Aug-18,16:40,St Kilda,North Melbourne,Marvel Stadium
26-Aug-18,15:20,Melbourne,GWS Giants,MCG
26-Aug-18,13:10,Brisbane,West Coast,Gabba
25-Aug-18,17:25,Carlton,Adelaide,Marvel Stadium
25-Aug-18,19:25,Sydney,Hawthorn,SCG
25-Aug-18,16:35,Fremantle,Collingwood,Optus Stadium
25-Aug-18,13:45,Richmond,Western Bulldogs,MCG
25-Aug-18,13:45,Geelong,Gold Coast,GMHBA Stadium
24-Aug-18,19:50,Port Adelaide,Essendon,Adelaide Oval
19-Aug-18,16:10,Adelaide,North Melbourne,Adelaide Oval
19-Aug-18,13:20,West Coast,Melbourne,Optus Stadium
19-Aug-18,13:10,Carlton,Western Bulldogs,Marvel Stadium
18-Aug-18,19:25,Gold Coast,Brisbane,Metricon Stadium
18-Aug-18,19:25,St Kilda,Hawthorn,Marvel Stadium
18-Aug-18,16:35,GWS Giants,Sydney,Spotless Stadium
18-Aug-18,14:10,Geelong,Fremantle,GMHBA Stadium
18-Aug-18,13:45,Collingwood,Port Adelaide,MCG
17-Aug-18,19:50,Richmond,Essendon,MCG
12-Aug-18,14:40,Fremantle,Carlton,Optus Stadium
12-Aug-18,15:20,Melbourne,Sydney,MCG
12-Aug-18,13:10,North Melbourne,Western Bulldogs,Marvel Stadium
11-Aug-18,19:25,Collingwood,Brisbane,Marvel Stadium
11-Aug-18,19:25,GWS Giants,Adelaide,UNSW Canberra Oval
11-Aug-18,16:05,Port Adelaide,West Coast,Adelaide Oval
11-Aug-18,14:10,Gold Coast,Richmond,Metricon Stadium
11-Aug-18,13:45,Hawthorn,Geelong,MCG
10-Aug-18,19:50,Essendon,St Kilda,Marvel Stadium
5-Aug-18,14:40,West Coast,Fremantle,Optus Stadium
5-Aug-18,15:20,Melbourne,Gold Coast,MCG
5-Aug-18,13:10,Carlton,GWS Giants,Marvel Stadium
4-Aug-18,19:25,St Kilda,Western Bulldogs,Marvel Stadium
4-Aug-18,19:25,Sydney,Collingwood,SCG
4-Aug-18,16:35,Adelaide,Port Adelaide,Adelaide Oval
4-Aug-18,14:10,Brisbane,North Melbourne,Gabba
4-Aug-18,13:45,Hawthorn,Essendon,MCG
3-Aug-18,19:50,Richmond,Geelong,MCG
29-Jul-18,14:40,Fremantle,Hawthorn,Optus Stadium
29-Jul-18,15:20,Western Bulldogs,Port Adelaide,Mars Stadium
29-Jul-18,13:10,North Melbourne,West Coast,Blundstone Arena
28-Jul-18,19:10,Adelaide,Melbourne,Adelaide Oval
28-Jul-18,19:25,Gold Coast,Carlton,Metricon Stadium
28-Jul-18,16:35,GWS Giants,St Kilda,Spotless Stadium
28-Jul-18,14:10,Geelong,Brisbane,GMHBA Stadium
28-Jul-18,13:45,Richmond,Collingwood,MCG
27-Jul-18,19:50,Essendon,Sydney,Marvel Stadium
22-Jul-18,16:10,Port Adelaide,GWS Giants,Adelaide Oval
22-Jul-18,13:20,West Coast,Western Bulldogs,Optus Stadium
22-Jul-18,13:10,Carlton,Hawthorn,Marvel Stadium
21-Jul-18,19:25,Brisbane,Adelaide,Gabba
21-Jul-18,19:25,Geelong,Melbourne,GMHBA Stadium
21-Jul-18,16:35,Essendon,Fremantle,Marvel Stadium
21-Jul-18,14:10,Sydney,Gold Coast,SCG
21-Jul-18,13:45,Collingwood,North Melbourne,MCG
20-Jul-18,19:50,St Kilda,Richmond,Marvel Stadium
15-Jul-18,14:40,Fremantle,Port Adelaide,Optus Stadium
15-Jul-18,15:20,North Melbourne,Sydney,Marvel Stadium
15-Jul-18,13:10,Collingwood,West Coast,MCG
14-Jul-18,19:25,Gold Coast,Essendon,Metricon Stadium
14-Jul-18,19:25,GWS Giants,Richmond,Spotless Stadium
14-Jul-18,16:35,Melbourne,Western Bulldogs,MCG
14-Jul-18,13:45,Hawthorn,Brisbane,University of Tasmania Stadium
13-Jul-18,19:50,St Kilda,Carlton,Marvel Stadium
12-Jul-18,19:20,Adelaide,Geelong,Adelaide Oval
8-Jul-18,14:40,West Coast,GWS Giants,Optus Stadium
8-Jul-18,15:20,Essendon,Collingwood,MCG
8-Jul-18,13:10,North Melbourne,Gold Coast,Marvel Stadium
7-Jul-18,19:10,Melbourne,Fremantle,TIO Stadium
7-Jul-18,19:25,Western Bulldogs,Hawthorn,Marvel Stadium
7-Jul-18,16:35,Port Adelaide,St Kilda,Adelaide Oval
7-Jul-18,13:45,Brisbane,Carlton,Gabba
6-Jul-18,19:50,Richmond,Adelaide,MCG
5-Jul-18,19:20,Sydney,Geelong,SCG
1-Jul-18,14:40,Fremantle,Brisbane,Optus Stadium
1-Jul-18,15:20,Essendon,North Melbourne,Marvel Stadium
1-Jul-18,13:10,Melbourne,St Kilda,MCG
30-Jun-18,19:25,Gold Coast,Collingwood,Metricon Stadium
30-Jun-18,19:25,GWS Giants,Hawthorn,Spotless Stadium
30-Jun-18,16:35,Adelaide,West Coast,Adelaide Oval
30-Jun-18,13:45,Carlton,Port Adelaide,MCG
29-Jun-18,19:50,Western Bulldogs,Geelong,Marvel Stadium
28-Jun-18,19:20,Richmond,Sydney,Marvel Stadium
24-Jun-18,15:20,Collingwood,Carlton,MCG
23-Jun-18,19:25,Western Bulldogs,North Melbourne,Marvel Stadium
23-Jun-18,16:35,Brisbane,GWS Giants,Gabba
23-Jun-18,13:45,Hawthorn,Gold Coast,University of Tasmania Stadium
22-Jun-18,19:20,Port Adelaide,Melbourne,Adelaide Oval
21-Jun-18,18:10,West Coast,Essendon,Optus Stadium
17-Jun-18,15:20,Geelong,Richmond,MCG
16-Jun-18,19:25,Hawthorn,Adelaide,MCG
16-Jun-18,16:35,Gold Coast,St Kilda,Metricon Stadium
16-Jun-18,13:45,Carlton,Fremantle,Marvel Stadium
15-Jun-18,19:50,Sydney,West Coast,SCG
14-Jun-18,19:20,Port Adelaide,Western Bulldogs,Adelaide Oval
11-Jun-18,15:20,Melbourne,Collingwood,MCG
10-Jun-18,14:40,Fremantle,Adelaide,Optus Stadium
10-Jun-18,13:10,Brisbane,Essendon,Gabba
9-Jun-18,19:25,St Kilda,Sydney,Marvel Stadium
9-Jun-18,16:35,GWS Giants,Gold Coast,Spotless Stadium
9-Jun-18,13:45,Geelong,North Melbourne,GMHBA Stadium
8-Jun-18,19:20,Port Adelaide,Richmond,Adelaide Oval
3-Jun-18,16:10,Adelaide,GWS Giants,Adelaide Oval
3-Jun-18,15:20,Collingwood,Fremantle,MCG
3-Jun-18,13:10,North Melbourne,Brisbane,Marvel Stadium
2-Jun-18,18:10,West Coast,St Kilda,Optus Stadium
2-Jun-18,19:25,Essendon,Richmond,MCG
2-Jun-18,16:35,Gold Coast,Geelong,Metricon Stadium
2-Jun-18,14:10,Hawthorn,Port Adelaide,University of Tasmania Stadium
2-Jun-18,13:45,Western Bulldogs,Melbourne,Marvel Stadium
1-Jun-18,19:50,Sydney,Carlton,SCG
27-May-18,14:40,Fremantle,North Melbourne,Optus Stadium
27-May-18,14:50,Melbourne,Adelaide,Traeger Park
27-May-18,13:10,Hawthorn,West Coast,Marvel Stadium
26-May-18,19:25,Geelong,Carlton,GMHBA Stadium
26-May-18,19:25,GWS Giants,Essendon,Spotless Stadium
26-May-18,16:35,Brisbane,Sydney,Gabba
26-May-18,13:45,Richmond,St Kilda,MCG
25-May-18,19:50,Collingwood,Western Bulldogs,Marvel Stadium
20-May-18,14:40,West Coast,Richmond,Optus Stadium
20-May-18,15:20,Brisbane,Hawthorn,Gabba
20-May-18,13:10,Carlton,Melbourne,MCG
19-May-18,19:25,St Kilda,Collingwood,Marvel Stadium
19-May-18,19:25,Sydney,Fremantle,SCG
19-May-18,16:45,Essendon,Geelong,MCG
19-May-18,13:15,Gold Coast,Port Adelaide,Jiangwan Sports Centre
19-May-18,13:45,North Melbourne,GWS Giants,Blundstone Arena
18-May-18,19:20,Adelaide,Western Bulldogs,Adelaide Oval
13-May-18,15:20,Collingwood,Geelong,MCG
13-May-18,13:10,North Melbourne,Richmond,Marvel Stadium
12-May-18,20:10,Fremantle,St Kilda,Optus Stadium
12-May-18,19:25,Western Bulldogs,Brisbane,Marvel Stadium
12-May-18,16:10,Port Adelaide,Adelaide,Adelaide Oval
12-May-18,16:35,Gold Coast,Melbourne,Gabba
12-May-18,14:10,Carlton,Essendon,MCG
12-May-18,13:45,GWS Giants,West Coast,Spotless Stadium
11-May-18,19:50,Hawthorn,Sydney,MCG
6-May-18,16:40,Brisbane,Collingwood,Gabba
6-May-18,15:20,St Kilda,Melbourne,Marvel Stadium
6-May-18,13:10,Richmond,Fremantle,MCG
5-May-18,19:10,Adelaide,Carlton,Adelaide Oval
5-May-18,19:25,Sydney,North Melbourne,SCG
5-May-18,14:35,West Coast,Port Adelaide,Optus Stadium
5-May-18,14:10,Essendon,Hawthorn,MCG
5-May-18,13:45,Western Bulldogs,Gold Coast,Mars Stadium
4-May-18,19:50,Geelong,GWS Giants,GMHBA Stadium
29-Apr-18,14:40,Fremantle,West Coast,Optus Stadium
29-Apr-18,15:20,Collingwood,Richmond,MCG
29-Apr-18,13:10,Essendon,Melbourne,Marvel Stadium
28-Apr-18,19:40,Adelaide,Gold Coast,Adelaide Oval
28-Apr-18,19:25,Hawthorn,St Kilda,University of Tasmania Stadium
28-Apr-18,16:35,GWS Giants,Brisbane,Spotless Stadium
28-Apr-18,14:10,North Melbourne,Port Adelaide,Marvel Stadium
28-Apr-18,13:45,Geelong,Sydney,GMHBA Stadium
27-Apr-18,19:45,Western Bulldogs,Carlton,Marvel Stadium
25-Apr-18,15:20,Collingwood,Essendon,MCG
24-Apr-18,19:25,Melbourne,Richmond,MCG
22-Apr-18,16:40,Brisbane,Gold Coast,Gabba
22-Apr-18,15:20,North Melbourne,Hawthorn,Marvel Stadium
21-Apr-18,18:10,Fremantle,Western Bulldogs,Optus Stadium
21-Apr-18,19:10,Port Adelaide,Geelong,Adelaide Oval
21-Apr-18,16:35,Carlton,West Coast,MCG
21-Apr-18,13:45,St Kilda,GWS Giants,Marvel Stadium
20-Apr-18,19:50,Sydney,Adelaide,SCG
15-Apr-18,16:40,Geelong,St Kilda,GMHBA Stadium
15-Apr-18,15:20,Hawthorn,Melbourne,MCG
15-Apr-18,13:10,Essendon,Port Adelaide,Marvel Stadium
14-Apr-18,18:10,West Coast,Gold Coast,Optus Stadium
14-Apr-18,19:25,North Melbourne,Carlton,Blundstone Arena
14-Apr-18,16:35,Western Bulldogs,Sydney,Marvel Stadium
14-Apr-18,14:10,Richmond,Brisbane,MCG
14-Apr-18,13:45,GWS Giants,Fremantle,UNSW Canberra Oval
13-Apr-18,19:20,Adelaide,Collingwood,Adelaide Oval
8-Apr-18,14:40,West Coast,Geelong,Optus Stadium
8-Apr-18,15:20,Western Bulldogs,Essendon,Marvel Stadium
8-Apr-18,13:10,Richmond,Hawthorn,MCG
7-Apr-18,19:25,St Kilda,Adelaide,Marvel Stadium
7-Apr-18,19:25,Sydney,GWS Giants,SCG
7-Apr-18,14:35,Gold Coast,Fremantle,Optus Stadium
7-Apr-18,14:10,Melbourne,North Melbourne,MCG
7-Apr-18,13:15,Port Adelaide,Brisbane,Adelaide Oval
6-Apr-18,19:50,Carlton,Collingwood,MCG
2-Apr-18,15:20,Geelong,Hawthorn,MCG
1-Apr-18,16:40,Sydney,Port Adelaide,SCG
1-Apr-18,15:20,Western Bulldogs,West Coast,Marvel Stadium
31-Mar-18,16:40,Fremantle,Essendon,Optus Stadium
31-Mar-18,18:25,Brisbane,Melbourne,Gabba
31-Mar-18,16:35,Collingwood,GWS Giants,MCG
31-Mar-18,13:45,Carlton,Gold Coast,Marvel Stadium
30-Mar-18,16:20,North Melbourne,St Kilda,Marvel Stadium
29-Mar-18,19:20,Adelaide,Richmond,Adelaide Oval
25-Mar-18,16:20,West Coast,Sydney,Optus Stadium
25-Mar-18,15:20,Melbourne,Geelong,MCG
25-Mar-18,12:10,GWS Giants,Western Bulldogs,UNSW Canberra Oval
24-Mar-18,18:25,Gold Coast,North Melbourne,Cazaly’s Stadium
24-Mar-18,19:25,Hawthorn,Collingwood,MCG
24-Mar-18,16:05,Port Adelaide,Fremantle,Adelaide Oval
24-Mar-18,15:35,St Kilda,Brisbane,Marvel Stadium
23-Mar-18,19:50,Essendon,Adelaide,Marvel Stadium
22-Mar-18,19:25,Richmond,Carlton,MCG
30-Sep-17,14:30,Adelaide,Richmond,MCG
23-Sep-17,16:45,Richmond,GWS Giants,MCG
22-Sep-17,19:20,Adelaide,Geelong,Adelaide Oval
16-Sep-17,19:25,GWS Giants,West Coast,Spotless Stadium
15-Sep-17,19:50,Geelong,Sydney,MCG
9-Sep-17,19:20,Port Adelaide,West Coast,Adelaide Oval
9-Sep-17,16:20,Sydney,Essendon,SCG
8-Sep-17,19:50,Geelong,Richmond,MCG
7-Sep-17,19:20,Adelaide,GWS Giants,Adelaide Oval
27-Aug-17,14:40,West Coast,Adelaide,Domain Stadium
27-Aug-17,15:20,Richmond,St Kilda,MCG
27-Aug-17,13:10,Essendon,Fremantle,Marvel Stadium
26-Aug-17,19:40,Port Adelaide,Gold Coast,Adelaide Oval
26-Aug-17,19:25,Geelong,GWS Giants,GMHBA Stadium
26-Aug-17,16:35,Sydney,Carlton,SCG
26-Aug-17,14:10,Brisbane,North Melbourne,Gabba
26-Aug-17,13:45,Collingwood,Melbourne,MCG
25-Aug-17,19:50,Hawthorn,Western Bulldogs,Marvel Stadium
20-Aug-17,14:40,Fremantle,Richmond,Domain Stadium
20-Aug-17,15:20,St Kilda,North Melbourne,Marvel Stadium
20-Aug-17,13:10,Melbourne,Brisbane,MCG
19-Aug-17,19:25,Carlton,Hawthorn,Marvel Stadium
19-Aug-17,19:25,Gold Coast,Essendon,Metricon Stadium
19-Aug-17,16:35,GWS Giants,West Coast,Spotless Stadium
19-Aug-17,14:10,Collingwood,Geelong,MCG
19-Aug-17,13:45,Western Bulldogs,Port Adelaide,Mars Stadium
18-Aug-17,19:20,Adelaide,Sydney,Adelaide Oval
13-Aug-17,16:10,Port Adelaide,Collingwood,Adelaide Oval
13-Aug-17,15:20,Hawthorn,North Melbourne,University of Tasmania Stadium
13-Aug-17,13:10,Melbourne,St Kilda,MCG
12-Aug-17,19:40,West Coast,Carlton,Domain Stadium
12-Aug-17,19:25,Essendon,Adelaide,Marvel Stadium
12-Aug-17,16:35,Brisbane,Gold Coast,Gabba
12-Aug-17,14:10,Geelong,Richmond,GMHBA Stadium
12-Aug-17,13:45,Sydney,Fremantle,SCG
11-Aug-17,19:50,Western Bulldogs,GWS Giants,Marvel Stadium
6-Aug-17,16:10,Adelaide,Port Adelaide,Adelaide Oval
6-Aug-17,15:20,Richmond,Hawthorn,MCG
6-Aug-17,13:10,St Kilda,West Coast,Marvel Stadium
5-Aug-17,17:40,Fremantle,Gold Coast,Domain Stadium
5-Aug-17,19:25,North Melbourne,Collingwood,Marvel Stadium
5-Aug-17,16:35,Brisbane,Western Bulldogs,Gabba
5-Aug-17,14:10,Essendon,Carlton,MCG
5-Aug-17,13:45,GWS Giants,Melbourne,UNSW Canberra Oval
4-Aug-17,19:50,Geelong,Sydney,GMHBA Stadium
30-Jul-17,14:40,West Coast,Brisbane,Domain Stadium
30-Jul-17,15:20,Collingwood,Adelaide,MCG
30-Jul-17,13:10,Western Bulldogs,Essendon,Marvel Stadium
29-Jul-17,19:25,Carlton,Geelong,Marvel Stadium
29-Jul-17,19:25,Gold Coast,Richmond,Metricon Stadium
29-Jul-17,16:45,Port Adelaide,St Kilda,Adelaide Oval
29-Jul-17,14:10,GWS Giants,Fremantle,Spotless Stadium
29-Jul-17,13:45,North Melbourne,Melbourne,Blundstone Arena
28-Jul-17,19:50,Hawthorn,Sydney,MCG
23-Jul-17,16:40,Brisbane,Carlton,Gabba
23-Jul-17,15:20,Collingwood,West Coast,Marvel Stadium
23-Jul-17,13:10,Richmond,GWS Giants,MCG
22-Jul-17,17:40,Fremantle,Hawthorn,Domain Stadium
22-Jul-17,19:25,Sydney,St Kilda,SCG
22-Jul-17,16:05,Western Bulldogs,Gold Coast,Cazaly’s Stadium
22-Jul-17,14:10,Melbourne,Port Adelaide,MCG
22-Jul-17,13:45,Essendon,North Melbourne,Marvel Stadium
21-Jul-17,19:50,Adelaide,Geelong,Adelaide Oval
16-Jul-17,14:40,Fremantle,West Coast,Domain Stadium
16-Jul-17,15:20,Carlton,Western Bulldogs,MCG
16-Jul-17,13:10,Richmond,Brisbane,Marvel Stadium
15-Jul-17,19:10,Melbourne,Adelaide,TIO Stadium
15-Jul-17,19:25,GWS Giants,Sydney,Spotless Stadium
15-Jul-17,16:35,Gold Coast,Collingwood,Metricon Stadium
15-Jul-17,14:10,Port Adelaide,North Melbourne,Adelaide Oval
15-Jul-17,13:45,Geelong,Hawthorn,MCG
14-Jul-17,19:50,St Kilda,Essendon,Marvel Stadium
9-Jul-17,14:40,West Coast,Port Adelaide,Domain Stadium
9-Jul-17,15:20,Carlton,Melbourne,MCG
9-Jul-17,13:10,North Melbourne,Fremantle,Marvel Stadium
8-Jul-17,19:25,Brisbane,Geelong,Gabba
8-Jul-17,19:25,St Kilda,Richmond,Marvel Stadium
8-Jul-17,16:35,Sydney,Gold Coast,SCG
8-Jul-17,14:10,Collingwood,Essendon,MCG
8-Jul-17,13:45,Hawthorn,GWS Giants,University of Tasmania Stadium
7-Jul-17,19:50,Adelaide,Western Bulldogs,Adelaide Oval
2-Jul-17,14:40,Fremantle,St Kilda,Domain Stadium
2-Jul-17,15:20,Hawthorn,Collingwood,MCG
2-Jul-17,13:10,Essendon,Brisbane,Marvel Stadium
1-Jul-17,19:10,Port Adelaide,Richmond,Adelaide Oval
1-Jul-17,19:25,GWS Giants,Geelong,Spotless Stadium
1-Jul-17,16:35,Gold Coast,North Melbourne,Metricon Stadium
1-Jul-17,14:10,Carlton,Adelaide,MCG
1-Jul-17,13:45,Western Bulldogs,West Coast,Marvel Stadium
30-Jun-17,19:50,Melbourne,Sydney,MCG
25-Jun-17,16:50,St Kilda,Gold Coast,Marvel Stadium
25-Jun-17,15:20,Richmond,Carlton,MCG
25-Jun-17,13:10,Geelong,Fremantle,GMHBA Stadium
24-Jun-17,17:40,West Coast,Melbourne,Domain Stadium
24-Jun-17,19:25,Western Bulldogs,North Melbourne,Marvel Stadium
24-Jun-17,16:35,Brisbane,GWS Giants,Gabba
24-Jun-17,13:45,Collingwood,Port Adelaide,MCG
23-Jun-17,19:50,Sydney,Essendon,SCG
22-Jun-17,19:50,Adelaide,Hawthorn,Adelaide Oval
18-Jun-17,15:20,Western Bulldogs,Melbourne,Marvel Stadium
17-Jun-17,19:25,Gold Coast,Carlton,Metricon Stadium
17-Jun-17,16:05,Port Adelaide,Brisbane,Adelaide Oval
17-Jun-17,13:45,Richmond,Sydney,MCG
16-Jun-17,19:50,North Melbourne,St Kilda,Marvel Stadium
15-Jun-17,18:10,West Coast,Geelong,Domain Stadium
12-Jun-17,15:20,Melbourne,Collingwood,MCG
11-Jun-17,15:20,Carlton,GWS Giants,Marvel Stadium
10-Jun-17,19:25,Essendon,Port Adelaide,Marvel Stadium
10-Jun-17,16:35,Brisbane,Fremantle,Gabba
10-Jun-17,13:45,Hawthorn,Gold Coast,MCG
9-Jun-17,19:20,Adelaide,St Kilda,Adelaide Oval
8-Jun-17,19:20,Sydney,Western Bulldogs,SCG
4-Jun-17,14:40,Fremantle,Collingwood,Domain Stadium
3-Jun-17,19:25,North Melbourne,Richmond,Marvel Stadium
3-Jun-17,16:35,GWS Giants,Essendon,Spotless Stadium
3-Jun-17,13:45,Gold Coast,West Coast,Metricon Stadium
2-Jun-17,19:50,Geelong,Adelaide,GMHBA Stadium
1-Jun-17,19:50,Port Adelaide,Hawthorn,Adelaide Oval
28-May-17,14:40,West Coast,GWS Giants,Domain Stadium
28-May-17,15:20,Carlton,North Melbourne,Marvel Stadium
28-May-17,13:10,Collingwood,Brisbane,MCG
27-May-17,19:10,Adelaide,Fremantle,Adelaide Oval
27-May-17,19:25,Richmond,Essendon,MCG
27-May-17,16:05,Melbourne,Gold Coast,Traeger Park
27-May-17,13:45,Western Bulldogs,St Kilda,Marvel Stadium
26-May-17,19:50,Sydney,Hawthorn,SCG
25-May-17,19:20,Geelong,Port Adelaide,GMHBA Stadium
21-May-17,14:40,Fremantle,Carlton,Domain Stadium
21-May-17,15:20,Melbourne,North Melbourne,MCG
21-May-17,13:10,Essendon,West Coast,Marvel Stadium
20-May-17,17:25,Brisbane,Adelaide,Gabba
20-May-17,19:25,Collingwood,Hawthorn,MCG
20-May-17,16:35,GWS Giants,Richmond,Spotless Stadium
20-May-17,13:45,St Kilda,Sydney,Marvel Stadium
19-May-17,19:50,Geelong,Western Bulldogs,GMHBA Stadium
14-May-17,16:40,North Melbourne,Sydney,Marvel Stadium
14-May-17,17:20,Gold Coast,Port Adelaide,Jiangwan Sports Centre
14-May-17,13:10,Richmond,Fremantle,MCG
13-May-17,19:10,Adelaide,Melbourne,Adelaide Oval
13-May-17,19:25,Essendon,Geelong,MCG
13-May-17,16:35,GWS Giants,Collingwood,Spotless Stadium
13-May-17,14:10,St Kilda,Carlton,Marvel Stadium
13-May-17,13:45,Hawthorn,Brisbane,University of Tasmania Stadium
12-May-17,18:10,West Coast,Western Bulldogs,Domain Stadium
7-May-17,14:40,Fremantle,Essendon,Domain Stadium
7-May-17,15:20,Melbourne,Hawthorn,MCG
7-May-17,13:10,Sydney,Brisbane,SCG
6-May-17,19:25,Gold Coast,Geelong,Metricon Stadium
6-May-17,19:25,Western Bulldogs,Richmond,Marvel Stadium
6-May-17,16:05,Port Adelaide,West Coast,Adelaide Oval
6-May-17,14:10,Collingwood,Carlton,MCG
6-May-17,13:45,North Melbourne,Adelaide,Blundstone Arena
5-May-17,19:50,St Kilda,GWS Giants,Marvel Stadium
30-Apr-17,16:10,Adelaide,Richmond,Adelaide Oval
30-Apr-17,15:20,Geelong,Collingwood,MCG
30-Apr-17,13:10,Essendon,Melbourne,Marvel Stadium
29-Apr-17,18:10,West Coast,Fremantle,Domain Stadium
29-Apr-17,19:25,North Melbourne,Gold Coast,Marvel Stadium
29-Apr-17,16:35,Brisbane,Port Adelaide,Gabba
29-Apr-17,14:10,Carlton,Sydney,MCG
29-Apr-17,13:45,Hawthorn,St Kilda,University of Tasmania Stadium
28-Apr-17,19:50,GWS Giants,Western Bulldogs,UNSW Canberra Oval
25-Apr-17,15:20,Essendon,Collingwood,MCG
24-Apr-17,19:25,Richmond,Melbourne,MCG
23-Apr-17,16:40,Hawthorn,West Coast,MCG
23-Apr-17,15:20,St Kilda,Geelong,Marvel Stadium
22-Apr-17,17:40,Fremantle,North Melbourne,Domain Stadium
22-Apr-17,19:25,Sydney,GWS Giants,SCG
22-Apr-17,16:35,Gold Coast,Adelaide,Metricon Stadium
22-Apr-17,11:45,Western Bulldogs,Brisbane,Marvel Stadium
21-Apr-17,19:20,Port Adelaide,Carlton,Adelaide Oval
17-Apr-17,15:20,Hawthorn,Geelong,MCG
16-Apr-17,16:40,Brisbane,Richmond,Gabba
16-Apr-17,15:20,Collingwood,St Kilda,Marvel Stadium
15-Apr-17,19:10,Adelaide,Essendon,Adelaide Oval
15-Apr-17,19:25,Carlton,Gold Coast,Marvel Stadium
15-Apr-17,16:35,GWS Giants,Port Adelaide,UNSW Canberra Oval
15-Apr-17,13:45,Melbourne,Fremantle,MCG
14-Apr-17,16:20,North Melbourne,Western Bulldogs,Marvel Stadium
13-Apr-17,18:10,West Coast,Sydney,Domain Stadium
9-Apr-17,16:40,Gold Coast,Hawthorn,Metricon Stadium
9-Apr-17,15:20,Carlton,Essendon,MCG
9-Apr-17,13:10,St Kilda,Brisbane,Marvel Stadium
8-Apr-17,17:40,Fremantle,Western Bulldogs,Domain Stadium
8-Apr-17,19:10,Port Adelaide,Adelaide,Adelaide Oval
8-Apr-17,16:35,Geelong,Melbourne,Marvel Stadium
8-Apr-17,14:10,Richmond,West Coast,MCG
8-Apr-17,13:45,North Melbourne,GWS Giants,Blundstone Arena
7-Apr-17,19:50,Sydney,Collingwood,SCG
2-Apr-17,16:10,Port Adelaide,Fremantle,Adelaide Oval
2-Apr-17,15:20,Melbourne,Carlton,MCG
2-Apr-17,13:10,Geelong,North Melbourne,Marvel Stadium
1-Apr-17,16:40,West Coast,St Kilda,Domain Stadium
1-Apr-17,18:25,Brisbane,Essendon,Gabba
1-Apr-17,16:35,GWS Giants,Gold Coast,Spotless Stadium
1-Apr-17,13:45,Hawthorn,Adelaide,MCG
31-Mar-17,19:50,Western Bulldogs,Sydney,Marvel Stadium
30-Mar-17,19:20,Richmond,Collingwood,MCG
26-Mar-17,16:40,Fremantle,Geelong,Domain Stadium
26-Mar-17,14:50,Adelaide,GWS Giants,Adelaide Oval
26-Mar-17,13:10,North Melbourne,West Coast,Marvel Stadium
25-Mar-17,19:05,Gold Coast,Brisbane,Metricon Stadium
25-Mar-17,19:25,Essendon,Hawthorn,MCG
25-Mar-17,16:35,St Kilda,Melbourne,Marvel Stadium
25-Mar-17,16:35,Sydney,Port Adelaide,SCG
24-Mar-17,19:50,Collingwood,Western Bulldogs,MCG
23-Mar-17,19:20,Carlton,Richmond,MCG
1-Oct-16,14:30,Sydney,Western Bulldogs,MCG
24-Sep-16,17:15,GWS Giants,Western Bulldogs,Spotless Stadium
23-Sep-16,19:50,Geelong,Sydney,MCG
17-Sep-16,19:25,Sydney,Adelaide,SCG
16-Sep-16,19:50,Hawthorn,Western Bulldogs,MCG
10-Sep-16,19:10,Adelaide,North Melbourne,Adelaide Oval
10-Sep-16,15:20,Sydney,GWS Giants,ANZ Stadium
9-Sep-16,19:50,Geelong,Hawthorn,MCG
8-Sep-16,18:10,West Coast,Western Bulldogs,Domain Stadium
28-Aug-16,14:40,Fremantle,Western Bulldogs,Domain Stadium
28-Aug-16,15:20,Hawthorn,Collingwood,MCG
28-Aug-16,13:10,St Kilda,Brisbane,Marvel Stadium
27-Aug-16,19:25,Gold Coast,Port Adelaide,Metricon Stadium
27-Aug-16,19:25,North Melbourne,GWS Giants,Marvel Stadium
27-Aug-16,16:35,Sydney,Richmond,SCG
27-Aug-16,14:10,Essendon,Carlton,MCG
27-Aug-16,13:45,Geelong,Melbourne,GMHBA Stadium
26-Aug-16,19:40,Adelaide,West Coast,Adelaide Oval
21-Aug-16,16:40,Essendon,Western Bulldogs,Marvel Stadium
21-Aug-16,15:20,Brisbane,Geelong,Gabba
21-Aug-16,13:10,Carlton,Melbourne,MCG
20-Aug-16,19:10,Port Adelaide,Adelaide,Adelaide Oval
20-Aug-16,19:25,Collingwood,Gold Coast,Marvel Stadium
20-Aug-16,16:35,GWS Giants,Fremantle,Spotless Stadium
20-Aug-16,14:10,Richmond,St Kilda,MCG
20-Aug-16,13:45,North Melbourne,Sydney,Blundstone Arena
19-Aug-16,18:10,West Coast,Hawthorn,Domain Stadium
14-Aug-16,14:40,Fremantle,Adelaide,Domain Stadium
14-Aug-16,15:20,Richmond,Geelong,MCG
14-Aug-16,13:10,Essendon,Gold Coast,Marvel Stadium
13-Aug-16,19:10,Port Adelaide,Melbourne,Adelaide Oval
13-Aug-16,19:25,St Kilda,Sydney,Marvel Stadium
13-Aug-16,16:35,GWS Giants,West Coast,Spotless Stadium
13-Aug-16,14:10,Hawthorn,North Melbourne,MCG
13-Aug-16,13:45,Brisbane,Carlton,Gabba
12-Aug-16,19:50,Western Bulldogs,Collingwood,Marvel Stadium
7-Aug-16,14:40,Fremantle,West Coast,Domain Stadium
7-Aug-16,15:20,Geelong,Essendon,Marvel Stadium
7-Aug-16,13:10,Carlton,St Kilda,MCG
6-Aug-16,19:10,Adelaide,Brisbane,Adelaide Oval
6-Aug-16,19:25,Western Bulldogs,North Melbourne,Marvel Stadium
6-Aug-16,16:35,Gold Coast,GWS Giants,Metricon Stadium
6-Aug-16,14:10,Melbourne,Hawthorn,MCG
6-Aug-16,13:45,Sydney,Port Adelaide,SCG
5-Aug-16,19:50,Richmond,Collingwood,MCG
31-Jul-16,16:10,Adelaide,Essendon,Adelaide Oval
31-Jul-16,13:20,Fremantle,Sydney,Domain Stadium
31-Jul-16,13:10,Melbourne,Gold Coast,MCG
30-Jul-16,19:25,Brisbane,Port Adelaide,Gabba
30-Jul-16,19:25,North Melbourne,St Kilda,Marvel Stadium
30-Jul-16,16:35,Collingwood,West Coast,MCG
30-Jul-16,14:10,Hawthorn,Carlton,University of Tasmania Stadium
30-Jul-16,13:45,GWS Giants,Richmond,UNSW Canberra Oval
29-Jul-16,19:50,Geelong,Western Bulldogs,GMHBA Stadium
24-Jul-16,16:10,Port Adelaide,GWS Giants,Adelaide Oval
24-Jul-16,15:20,Hawthorn,Richmond,MCG
24-Jul-16,13:10,Essendon,Brisbane,Marvel Stadium
23-Jul-16,19:25,Geelong,Adelaide,GMHBA Stadium
23-Jul-16,19:25,Western Bulldogs,St Kilda,Marvel Stadium
23-Jul-16,14:35,West Coast,Melbourne,Domain Stadium
23-Jul-16,14:10,Gold Coast,Fremantle,Metricon Stadium
23-Jul-16,13:45,Sydney,Carlton,SCG
22-Jul-16,19:50,Collingwood,North Melbourne,Marvel Stadium
17-Jul-16,16:40,Brisbane,GWS Giants,Gabba
17-Jul-16,15:20,St Kilda,Melbourne,Marvel Stadium
17-Jul-16,13:10,Carlton,West Coast,MCG
16-Jul-16,19:10,Adelaide,Collingwood,Adelaide Oval
16-Jul-16,19:25,Western Bulldogs,Gold Coast,Cazaly’s Stadium
16-Jul-16,16:35,North Melbourne,Port Adelaide,Marvel Stadium
16-Jul-16,13:40,Richmond,Essendon,MCG
15-Jul-16,18:10,Fremantle,Geelong,Domain Stadium
14-Jul-16,19:20,Sydney,Hawthorn,SCG
10-Jul-16,16:40,Essendon,St Kilda,Marvel Stadium
10-Jul-16,13:20,West Coast,North Melbourne,Domain Stadium
10-Jul-16,13:10,Carlton,Adelaide,MCG
9-Jul-16,19:10,Melbourne,Fremantle,TIO Stadium
9-Jul-16,19:25,Western Bulldogs,Richmond,Marvel Stadium
9-Jul-16,16:35,Gold Coast,Brisbane,Metricon Stadium
9-Jul-16,13:40,GWS Giants,Collingwood,Spotless Stadium
8-Jul-16,19:50,Geelong,Sydney,GMHBA Stadium
7-Jul-16,19:20,Port Adelaide,Hawthorn,Adelaide Oval
3-Jul-16,15:20,Melbourne,Adelaide,MCG
2-Jul-16,19:25,Carlton,Collingwood,MCG
2-Jul-16,16:35,Sydney,Western Bulldogs,SCG
2-Jul-16,13:40,Gold Coast,St Kilda,Metricon Stadium
1-Jul-16,19:20,Port Adelaide,Richmond,Adelaide Oval
30-Jun-16,18:10,West Coast,Essendon,Domain Stadium
26-Jun-16,15:20,Hawthorn,Gold Coast,University of Tasmania Stadium
25-Jun-16,19:25,St Kilda,Geelong,Marvel Stadium
25-Jun-16,16:35,GWS Giants,Carlton,Spotless Stadium
25-Jun-16,13:40,Richmond,Brisbane,MCG
24-Jun-16,19:50,Collingwood,Fremantle,MCG
23-Jun-16,19:20,Adelaide,North Melbourne,Adelaide Oval
19-Jun-16,16:40,Essendon,GWS Giants,Marvel Stadium
19-Jun-16,13:10,Sydney,Melbourne,SCG
18-Jun-16,19:25,Western Bulldogs,Geelong,Marvel Stadium
18-Jun-16,14:35,Fremantle,Port Adelaide,Domain Stadium
18-Jun-16,13:40,Brisbane,West Coast,Gabba
17-Jun-16,19:50,North Melbourne,Hawthorn,Marvel Stadium
13-Jun-16,15:20,Melbourne,Collingwood,MCG
12-Jun-16,16:40,GWS Giants,Sydney,Spotless Stadium
12-Jun-16,15:20,Richmond,Gold Coast,MCG
12-Jun-16,13:10,St Kilda,Carlton,Marvel Stadium
11-Jun-16,17:40,West Coast,Adelaide,Domain Stadium
11-Jun-16,19:25,Geelong,North Melbourne,Marvel Stadium
11-Jun-16,16:35,Brisbane,Fremantle,Gabba
11-Jun-16,13:10,Port Adelaide,Western Bulldogs,Adelaide Oval
10-Jun-16,19:50,Essendon,Hawthorn,Marvel Stadium
5-Jun-16,16:10,Adelaide,St Kilda,Adelaide Oval
5-Jun-16,15:20,Western Bulldogs,West Coast,Marvel Stadium
5-Jun-16,13:10,Collingwood,Port Adelaide,MCG
4-Jun-16,17:40,Fremantle,Essendon,Domain Stadium
4-Jun-16,19:25,Gold Coast,Sydney,Metricon Stadium
4-Jun-16,16:35,Geelong,GWS Giants,GMHBA Stadium
4-Jun-16,14:10,Carlton,Brisbane,Marvel Stadium
4-Jun-16,13:45,Hawthorn,Melbourne,MCG
3-Jun-16,19:50,North Melbourne,Richmond,Blundstone Arena
29-May-16,14:40,West Coast,Gold Coast,Domain Stadium
29-May-16,15:20,Collingwood,Western Bulldogs,MCG
29-May-16,13:10,Carlton,Geelong,Marvel Stadium
28-May-16,19:10,Adelaide,GWS Giants,Adelaide Oval
28-May-16,19:25,Essendon,Richmond,MCG
28-May-16,16:35,St Kilda,Fremantle,Marvel Stadium
28-May-16,13:40,Melbourne,Port Adelaide,Traeger Park
28-May-16,13:45,Brisbane,Hawthorn,Gabba
27-May-16,19:50,Sydney,North Melbourne,SCG
22-May-16,16:40,St Kilda,Essendon,Marvel Stadium
22-May-16,15:20,GWS Giants,Western Bulldogs,Spotless Stadium
22-May-16,13:10,Melbourne,Brisbane,MCG
21-May-16,17:40,Fremantle,Richmond,Domain Stadium
21-May-16,19:25,North Melbourne,Carlton,Marvel Stadium
21-May-16,16:05,Port Adelaide,West Coast,Adelaide Oval
21-May-16,14:10,Gold Coast,Adelaide,Metricon Stadium
21-May-16,13:45,Collingwood,Geelong,MCG
20-May-16,19:50,Hawthorn,Sydney,MCG
15-May-16,14:40,West Coast,St Kilda,Domain Stadium
15-May-16,15:20,Melbourne,Western Bulldogs,MCG
15-May-16,13:10,Carlton,Port Adelaide,Marvel Stadium
14-May-16,19:25,Brisbane,Collingwood,Gabba
14-May-16,19:25,Richmond,Sydney,MCG
14-May-16,16:35,GWS Giants,Gold Coast,Spotless Stadium
14-May-16,14:10,Hawthorn,Fremantle,University of Tasmania Stadium
14-May-16,13:45,Essendon,North Melbourne,Marvel Stadium
13-May-16,19:20,Adelaide,Geelong,Adelaide Oval
8-May-16,16:10,Port Adelaide,Brisbane,Adelaide Oval
8-May-16,15:20,St Kilda,North Melbourne,Marvel Stadium
7-May-16,18:10,Fremantle,GWS Giants,Domain Stadium
7-May-16,19:25,Western Bulldogs,Adelaide,Marvel Stadium
7-May-16,17:10,Gold Coast,Melbourne,Metricon Stadium
7-May-16,16:35,Sydney,Essendon,SCG
7-May-16,14:10,Geelong,West Coast,GMHBA Stadium
7-May-16,13:45,Collingwood,Carlton,MCG
6-May-16,19:50,Richmond,Hawthorn,MCG
1-May-16,14:40,West Coast,Collingwood,Domain Stadium
1-May-16,15:20,Carlton,Essendon,MCG
1-May-16,13:10,Brisbane,Sydney,Gabba
30-Apr-16,19:25,Geelong,Gold Coast,GMHBA Stadium
30-Apr-16,19:25,Richmond,Port Adelaide,MCG
30-Apr-16,16:35,GWS Giants,Hawthorn,Spotless Stadium
30-Apr-16,13:40,Adelaide,Fremantle,Adelaide Oval
30-Apr-16,13:45,Melbourne,St Kilda,Marvel Stadium
29-Apr-16,19:50,North Melbourne,Western Bulldogs,Marvel Stadium
25-Apr-16,15:20,Collingwood,Essendon,MCG
24-Apr-16,19:10,Melbourne,Richmond,MCG
24-Apr-16,14:15,Fremantle,Carlton,Domain Stadium
24-Apr-16,13:10,St Kilda,GWS Giants,Marvel Stadium
23-Apr-16,19:15,Port Adelaide,Geelong,Adelaide Oval
23-Apr-16,19:25,Western Bulldogs,Brisbane,Marvel Stadium
23-Apr-16,16:35,Gold Coast,North Melbourne,Metricon Stadium
23-Apr-16,13:45,Sydney,West Coast,SCG
22-Apr-16,19:50,Hawthorn,Adelaide,MCG
17-Apr-16,16:40,North Melbourne,Fremantle,Marvel Stadium
17-Apr-16,15:20,Collingwood,Melbourne,MCG
17-Apr-16,13:10,GWS Giants,Port Adelaide,UNSW Canberra Oval
16-Apr-16,19:10,Adelaide,Sydney,Adelaide Oval
16-Apr-16,19:25,Carlton,Western Bulldogs,Marvel Stadium
16-Apr-16,16:35,Brisbane,Gold Coast,Gabba
16-Apr-16,14:10,Hawthorn,St Kilda,University of Tasmania Stadium
16-Apr-16,13:45,Essendon,Geelong,MCG
15-Apr-16,18:10,West Coast,Richmond,Domain Stadium
10-Apr-16,16:40,Geelong,Brisbane,GMHBA Stadium
10-Apr-16,15:20,Western Bulldogs,Hawthorn,Marvel Stadium
10-Apr-16,13:10,North Melbourne,Melbourne,Blundstone Arena
9-Apr-16,17:40,West Coast,Fremantle,Domain Stadium
9-Apr-16,19:25,Gold Coast,Carlton,Metricon Stadium
9-Apr-16,16:35,Sydney,GWS Giants,SCG
9-Apr-16,14:10,Richmond,Adelaide,Marvel Stadium
9-Apr-16,13:45,St Kilda,Collingwood,MCG
8-Apr-16,19:20,Port Adelaide,Essendon,Adelaide Oval
3-Apr-16,16:40,Carlton,Sydney,Marvel Stadium
3-Apr-16,15:20,Hawthorn,West Coast,MCG
3-Apr-16,13:10,GWS Giants,Geelong,UNSW Canberra Oval
2-Apr-16,16:40,Fremantle,Gold Coast,Domain Stadium
2-Apr-16,19:25,St Kilda,Western Bulldogs,Marvel Stadium
2-Apr-16,15:35,Brisbane,North Melbourne,Gabba
2-Apr-16,14:10,Essendon,Melbourne,MCG
2-Apr-16,13:15,Adelaide,Port Adelaide,Adelaide Oval
1-Apr-16,19:50,Collingwood,Richmond,MCG
28-Mar-16,15:20,Geelong,Hawthorn,MCG
27-Mar-16,16:40,West Coast,Brisbane,Domain Stadium
27-Mar-16,14:50,Port Adelaide,St Kilda,Adelaide Oval
27-Mar-16,13:10,Western Bulldogs,Fremantle,Marvel Stadium
26-Mar-16,19:25,North Melbourne,Adelaide,Marvel Stadium
26-Mar-16,19:25,Sydney,Collingwood,SCG
26-Mar-16,15:35,Gold Coast,Essendon,Metricon Stadium
26-Mar-16,13:40,Melbourne,GWS Giants,MCG
24-Mar-16,19:25,Richmond,Carlton,MCG
3-Oct-15,14:30,West Coast,Hawthorn,MCG
26-Sep-15,17:45,West Coast,North Melbourne,Domain Stadium
25-Sep-15,18:20,Fremantle,Hawthorn,Domain Stadium
19-Sep-15,19:20,Sydney,North Melbourne,ANZ Stadium
18-Sep-15,19:50,Hawthorn,Adelaide,MCG
13-Sep-15,15:20,Richmond,North Melbourne,MCG
12-Sep-15,19:20,Western Bulldogs,Adelaide,MCG
12-Sep-15,13:10,Fremantle,Sydney,Domain Stadium
11-Sep-15,18:20,West Coast,Hawthorn,Domain Stadium
6-Sep-15,15:20,Collingwood,Essendon,MCG
6-Sep-15,13:10,Melbourne,GWS Giants,Marvel Stadium
5-Sep-15,17:40,West Coast,St Kilda,Domain Stadium
5-Sep-15,19:25,Sydney,Gold Coast,SCG
5-Sep-15,16:40,Hawthorn,Carlton,MCG
5-Sep-15,15:20,Port Adelaide,Fremantle,Adelaide Oval
5-Sep-15,13:45,Brisbane,Western Bulldogs,Gabba
5-Sep-15,13:05,Geelong,Adelaide,GMHBA Stadium
4-Sep-15,19:50,Richmond,North Melbourne,Marvel Stadium
30-Aug-15,14:40,Fremantle,Melbourne,Domain Stadium
30-Aug-15,15:20,St Kilda,Sydney,Marvel Stadium
30-Aug-15,13:10,Adelaide,West Coast,Adelaide Oval
29-Aug-15,19:20,Essendon,Richmond,MCG
29-Aug-15,19:20,Gold Coast,Port Adelaide,Metricon Stadium
29-Aug-15,16:35,North Melbourne,Western Bulldogs,Marvel Stadium
29-Aug-15,14:10,Hawthorn,Brisbane,University of Tasmania Stadium
29-Aug-15,13:45,GWS Giants,Carlton,Spotless Stadium
28-Aug-15,19:50,Geelong,Collingwood,MCG
23-Aug-15,14:40,West Coast,Western Bulldogs,Domain Stadium
23-Aug-15,15:20,Carlton,Melbourne,MCG
23-Aug-15,13:10,North Melbourne,Fremantle,Marvel Stadium
22-Aug-15,19:10,Adelaide,Brisbane,Adelaide Oval
22-Aug-15,19:20,St Kilda,Geelong,Marvel Stadium
22-Aug-15,16:35,Gold Coast,Essendon,Metricon Stadium
22-Aug-15,14:10,GWS Giants,Sydney,Spotless Stadium
22-Aug-15,13:45,Collingwood,Richmond,MCG
21-Aug-15,19:50,Hawthorn,Port Adelaide,Marvel Stadium
16-Aug-15,14:40,Fremantle,West Coast,Domain Stadium
16-Aug-15,15:20,Western Bulldogs,Melbourne,Marvel Stadium
16-Aug-15,13:10,Richmond,Gold Coast,MCG
15-Aug-15,19:20,Brisbane,Carlton,Gabba
15-Aug-15,19:20,Geelong,Hawthorn,MCG
15-Aug-15,16:05,Port Adelaide,GWS Giants,Adelaide Oval
15-Aug-15,14:10,North Melbourne,St Kilda,Blundstone Arena
15-Aug-15,13:45,Essendon,Adelaide,Marvel Stadium
14-Aug-15,19:50,Sydney,Collingwood,SCG
9-Aug-15,16:40,St Kilda,Fremantle,Marvel Stadium
9-Aug-15,15:20,GWS Giants,Essendon,Spotless Stadium
9-Aug-15,13:10,Melbourne,North Melbourne,MCG
8-Aug-15,15:40,West Coast,Hawthorn,Domain Stadium
8-Aug-15,19:20,Geelong,Sydney,GMHBA Stadium
8-Aug-15,16:35,Brisbane,Gold Coast,Gabba
8-Aug-15,14:10,Western Bulldogs,Port Adelaide,Marvel Stadium
8-Aug-15,13:45,Collingwood,Carlton,MCG
7-Aug-15,19:20,Adelaide,Richmond,Adelaide Oval
2-Aug-15,14:40,Fremantle,GWS Giants,Domain Stadium
2-Aug-15,15:20,Essendon,Western Bulldogs,Marvel Stadium
2-Aug-15,12:40,Port Adelaide,St Kilda,Adelaide Oval
1-Aug-15,19:20,Carlton,North Melbourne,Marvel Stadium
1-Aug-15,19:20,Gold Coast,West Coast,Metricon Stadium
1-Aug-15,16:35,Sydney,Adelaide,SCG
1-Aug-15,14:10,Collingwood,Melbourne,MCG
1-Aug-15,13:45,Geelong,Brisbane,GMHBA Stadium
31-Jul-15,19:50,Hawthorn,Richmond,MCG
26-Jul-15,14:40,West Coast,Sydney,Domain Stadium
26-Jul-15,15:20,Melbourne,St Kilda,MCG
26-Jul-15,13:10,Western Bulldogs,Collingwood,Marvel Stadium
25-Jul-15,19:20,Brisbane,North Melbourne,Gabba
25-Jul-15,19:20,Essendon,Port Adelaide,Marvel Stadium
25-Jul-15,16:35,Richmond,Fremantle,MCG
25-Jul-15,13:40,Adelaide,Gold Coast,Adelaide Oval
25-Jul-15,13:45,GWS Giants,Geelong,UNSW Canberra Oval
24-Jul-15,19:50,Carlton,Hawthorn,Marvel Stadium
19-Jul-15,16:40,St Kilda,Richmond,Marvel Stadium
19-Jul-15,14:50,Port Adelaide,Adelaide,Adelaide Oval
19-Jul-15,13:10,Melbourne,Brisbane,MCG
18-Jul-15,17:40,Fremantle,Carlton,Domain Stadium
18-Jul-15,19:20,Sydney,Hawthorn,ANZ Stadium
18-Jul-15,16:35,Collingwood,West Coast,Marvel Stadium
18-Jul-15,14:10,Gold Coast,GWS Giants,Metricon Stadium
18-Jul-15,13:45,Geelong,Western Bulldogs,GMHBA Stadium
17-Jul-15,19:50,North Melbourne,Essendon,Marvel Stadium
12-Jul-15,16:40,Brisbane,Sydney,Gabba
12-Jul-15,15:20,Hawthorn,Fremantle,University of Tasmania Stadium
12-Jul-15,13:10,GWS Giants,St Kilda,Spotless Stadium
11-Jul-15,17:40,West Coast,Adelaide,Domain Stadium
11-Jul-15,19:20,North Melbourne,Geelong,Marvel Stadium
11-Jul-15,16:35,Western Bulldogs,Gold Coast,Cazaly’s Stadium
11-Jul-15,13:40,Essendon,Melbourne,MCG
10-Jul-15,19:50,Richmond,Carlton,MCG
9-Jul-15,19:20,Port Adelaide,Collingwood,Adelaide Oval
5-Jul-15,14:40,Fremantle,Brisbane,Domain Stadium
5-Jul-15,13:10,Essendon,St Kilda,Marvel Stadium
4-Jul-15,19:10,Melbourne,West Coast,TIO Stadium
4-Jul-15,19:30,Western Bulldogs,Carlton,Marvel Stadium
4-Jul-15,16:40,Gold Coast,North Melbourne,Metricon Stadium
4-Jul-15,13:40,Richmond,GWS Giants,MCG
3-Jul-15,19:50,Collingwood,Hawthorn,MCG
2-Jul-15,19:20,Sydney,Port Adelaide,SCG
28-Jun-15,15:20,Carlton,Gold Coast,Marvel Stadium
27-Jun-15,19:20,St Kilda,Western Bulldogs,Marvel Stadium
27-Jun-15,16:35,Brisbane,Adelaide,Gabba
27-Jun-15,13:40,Hawthorn,Essendon,MCG
26-Jun-15,19:50,Sydney,Richmond,SCG
25-Jun-15,18:10,Fremantle,Collingwood,Domain Stadium
21-Jun-15,15:20,Geelong,Melbourne,GMHBA Stadium
20-Jun-15,19:20,Western Bulldogs,Brisbane,Marvel Stadium
20-Jun-15,19:35,GWS Giants,North Melbourne,Spotless Stadium
20-Jun-15,13:40,Carlton,Port Adelaide,MCG
19-Jun-15,19:50,Richmond,West Coast,MCG
18-Jun-15,19:20,Adelaide,Hawthorn,Adelaide Oval
14-Jun-15,16:40,St Kilda,Melbourne,Marvel Stadium
14-Jun-15,13:10,Collingwood,GWS Giants,MCG
13-Jun-15,19:20,North Melbourne,Sydney,Marvel Stadium
13-Jun-15,14:35,West Coast,Essendon,Domain Stadium
13-Jun-15,13:40,Gold Coast,Fremantle,Metricon Stadium
12-Jun-15,19:20,Port Adelaide,Geelong,Adelaide Oval
8-Jun-15,15:20,Melbourne,Collingwood,MCG
7-Jun-15,16:40,St Kilda,Hawthorn,Marvel Stadium
7-Jun-15,15:20,North Melbourne,West Coast,Blundstone Arena
7-Jun-15,13:10,GWS Giants,Brisbane,Spotless Stadium
6-Jun-15,19:10,Port Adelaide,Western Bulldogs,Adelaide Oval
6-Jun-15,19:20,Essendon,Geelong,Marvel Stadium
6-Jun-15,16:35,Gold Coast,Sydney,Metricon Stadium
6-Jun-15,13:40,Carlton,Adelaide,MCG
5-Jun-15,18:10,Fremantle,Richmond,Domain Stadium
31-May-15,14:40,West Coast,Geelong,Domain Stadium
31-May-15,15:20,Collingwood,North Melbourne,MCG
31-May-15,13:10,Brisbane,St Kilda,Gabba
30-May-15,19:10,Adelaide,Fremantle,Adelaide Oval
30-May-15,19:25,Richmond,Essendon,MCG
30-May-15,16:35,Western Bulldogs,GWS Giants,Marvel Stadium
30-May-15,13:40,Melbourne,Port Adelaide,Traeger Park
30-May-15,13:45,Hawthorn,Gold Coast,University of Tasmania Stadium
29-May-15,19:50,Sydney,Carlton,SCG
24-May-15,16:10,Port Adelaide,Richmond,Adelaide Oval
24-May-15,15:20,Melbourne,Western Bulldogs,MCG
24-May-15,13:10,Essendon,Brisbane,Marvel Stadium
23-May-15,17:40,Fremantle,North Melbourne,Domain Stadium
23-May-15,19:20,Hawthorn,Sydney,MCG
23-May-15,16:35,Gold Coast,Collingwood,Metricon Stadium
23-May-15,14:10,GWS Giants,Adelaide,Spotless Stadium
23-May-15,13:45,St Kilda,West Coast,Marvel Stadium
22-May-15,19:50,Geelong,Carlton,Marvel Stadium
17-May-15,16:40,Brisbane,Port Adelaide,Gabba
17-May-15,15:20,Richmond,Collingwood,MCG
17-May-15,13:10,Western Bulldogs,Fremantle,Marvel Stadium
16-May-15,17:40,West Coast,Gold Coast,Domain Stadium
16-May-15,19:20,Sydney,Geelong,ANZ Stadium
16-May-15,16:35,Carlton,GWS Giants,Marvel Stadium
16-May-15,14:10,Hawthorn,Melbourne,MCG
16-May-15,13:15,Adelaide,St Kilda,Adelaide Oval
15-May-15,19:50,Essendon,North Melbourne,Marvel Stadium
10-May-15,16:10,Port Adelaide,West Coast,Adelaide Oval
10-May-15,15:20,Carlton,Brisbane,Marvel Stadium
9-May-15,18:10,Fremantle,Essendon,Domain Stadium
9-May-15,19:20,Melbourne,Sydney,MCG
9-May-15,17:10,Gold Coast,Adelaide,Metricon Stadium
9-May-15,16:35,GWS Giants,Hawthorn,Spotless Stadium
9-May-15,14:10,Western Bulldogs,St Kilda,Marvel Stadium
9-May-15,13:45,North Melbourne,Richmond,Blundstone Arena
8-May-15,19:50,Collingwood,Geelong,MCG
3-May-15,16:10,Adelaide,Port Adelaide,Adelaide Oval
3-May-15,15:20,St Kilda,Essendon,Marvel Stadium
3-May-15,13:10,Melbourne,Fremantle,MCG
2-May-15,17:40,West Coast,GWS Giants,Domain Stadium
2-May-15,19:20,North Melbourne,Hawthorn,Marvel Stadium
2-May-15,16:35,Gold Coast,Brisbane,Metricon Stadium
2-May-15,14:10,Sydney,Western Bulldogs,SCG
2-May-15,13:45,Richmond,Geelong,MCG
1-May-15,19:50,Carlton,Collingwood,MCG
26-Apr-15,16:40,Western Bulldogs,Adelaide,Marvel Stadium
26-Apr-15,15:20,Geelong,North Melbourne,GMHBA Stadium
26-Apr-15,13:10,Brisbane,West Coast,Gabba
25-Apr-15,18:45,Fremantle,Sydney,Domain Stadium
25-Apr-15,19:10,Port Adelaide,Hawthorn,Adelaide Oval
25-Apr-15,17:40,GWS Giants,Gold Coast,UNSW Canberra Oval
25-Apr-15,14:40,Essendon,Collingwood,MCG
25-Apr-15,13:10,St Kilda,Carlton,Westpac Stadium
24-Apr-15,19:50,Richmond,Melbourne,MCG
19-Apr-15,14:40,West Coast,Fremantle,Domain Stadium
19-Apr-15,15:20,Geelong,Gold Coast,GMHBA Stadium
19-Apr-15,13:10,Hawthorn,Western Bulldogs,University of Tasmania Stadium
18-Apr-15,19:20,Brisbane,Richmond,Gabba
18-Apr-15,19:20,North Melbourne,Port Adelaide,Marvel Stadium
18-Apr-15,16:35,Sydney,GWS Giants,SCG
18-Apr-15,13:40,Adelaide,Melbourne,Adelaide Oval
18-Apr-15,13:45,Carlton,Essendon,MCG
17-Apr-15,19:50,Collingwood,St Kilda,MCG
12-Apr-15,16:40,North Melbourne,Brisbane,Marvel Stadium
12-Apr-15,15:20,Essendon,Hawthorn,MCG
12-Apr-15,13:10,Geelong,Fremantle,GMHBA Stadium
11-Apr-15,19:10,Port Adelaide,Sydney,Adelaide Oval
11-Apr-15,19:20,Gold Coast,St Kilda,Metricon Stadium
11-Apr-15,16:35,Collingwood,Adelaide,Marvel Stadium
11-Apr-15,14:10,GWS Giants,Melbourne,UNSW Canberra Oval
11-Apr-15,13:45,Richmond,Western Bulldogs,MCG
10-Apr-15,18:10,West Coast,Carlton,Domain Stadium
6-Apr-15,15:20,Hawthorn,Geelong,MCG
5-Apr-15,14:50,Adelaide,North Melbourne,Adelaide Oval
5-Apr-15,13:10,St Kilda,GWS Giants,Marvel Stadium
5-Apr-15,16:40,Fremantle,Port Adelaide,Domain Stadium
4-Apr-15,18:20,Brisbane,Collingwood,Gabba
4-Apr-15,19:20,Western Bulldogs,West Coast,Marvel Stadium
4-Apr-15,16:35,Sydney,Essendon,ANZ Stadium
4-Apr-15,13:40,Melbourne,Gold Coast,MCG
2-Apr-15,19:20,Carlton,Richmond,MCG
27-Sep-14,14:30,Sydney,Hawthorn,MCG
20-Sep-14,16:45,Hawthorn,Port Adelaide,MCG
19-Sep-14,19:50,Sydney,North Melbourne,ANZ Stadium
13-Sep-14,17:45,Fremantle,Port Adelaide,Domain Stadium
12-Sep-14,19:50,Geelong,North Melbourne,MCG
7-Sep-14,14:50,Port Adelaide,Richmond,Adelaide Oval
6-Sep-14,19:15,North Melbourne,Essendon,MCG
6-Sep-14,14:45,Sydney,Fremantle,ANZ Stadium
5-Sep-14,19:50,Hawthorn,Geelong,MCG
31-Aug-14,16:40,Western Bulldogs,GWS Giants,Marvel Stadium
31-Aug-14,14:50,Adelaide,St Kilda,Adelaide Oval
31-Aug-14,13:10,Gold Coast,West Coast,Metricon Stadium
30-Aug-14,19:40,Geelong,Brisbane,GMHBA Stadium
30-Aug-14,19:40,North Melbourne,Melbourne,Marvel Stadium
30-Aug-14,16:40,Sydney,Richmond,ANZ Stadium
30-Aug-14,13:10,Fremantle,Port Adelaide,Domain Stadium
30-Aug-14,14:45,Carlton,Essendon,MCG
29-Aug-14,19:50,Collingwood,Hawthorn,MCG
24-Aug-14,16:40,Richmond,St Kilda,MCG
24-Aug-14,15:20,Western Bulldogs,Sydney,Marvel Stadium
24-Aug-14,13:10,Brisbane,Fremantle,Gabba
23-Aug-14,19:40,Hawthorn,Geelong,MCG
23-Aug-14,17:40,West Coast,Melbourne,Domain Stadium
23-Aug-14,16:40,GWS Giants,Collingwood,Spotless Stadium
23-Aug-14,14:10,Essendon,Gold Coast,Marvel Stadium
23-Aug-14,13:45,North Melbourne,Adelaide,Blundstone Arena
22-Aug-14,19:20,Port Adelaide,Carlton,Adelaide Oval
17-Aug-14,14:40,Fremantle,Hawthorn,Domain Stadium
17-Aug-14,15:20,Melbourne,GWS Giants,MCG
17-Aug-14,13:10,North Melbourne,Western Bulldogs,Marvel Stadium
16-Aug-14,19:10,Adelaide,Richmond,Adelaide Oval
16-Aug-14,19:40,Collingwood,Brisbane,MCG
16-Aug-14,16:40,Essendon,West Coast,Marvel Stadium
16-Aug-14,14:10,Gold Coast,Port Adelaide,Metricon Stadium
16-Aug-14,13:45,Sydney,St Kilda,SCG
15-Aug-14,19:50,Carlton,Geelong,Marvel Stadium
10-Aug-14,14:40,West Coast,Collingwood,Domain Stadium
10-Aug-14,15:20,St Kilda,Western Bulldogs,Marvel Stadium
10-Aug-14,13:10,Brisbane,Adelaide,Gabba
9-Aug-14,19:40,Geelong,Fremantle,GMHBA Stadium
9-Aug-14,19:10,Port Adelaide,Sydney,Adelaide Oval
9-Aug-14,16:40,Hawthorn,Melbourne,MCG
9-Aug-14,14:10,Carlton,Gold Coast,Marvel Stadium
9-Aug-14,13:45,GWS Giants,North Melbourne,UNSW Canberra Oval
8-Aug-14,19:50,Richmond,Essendon,MCG
3-Aug-14,16:40,Collingwood,Port Adelaide,MCG
3-Aug-14,15:20,Hawthorn,Western Bulldogs,University of Tasmania Stadium
3-Aug-14,13:10,Melbourne,Brisbane,Marvel Stadium
2-Aug-14,19:40,Gold Coast,St Kilda,Metricon Stadium
2-Aug-14,19:40,North Melbourne,Geelong,Marvel Stadium
2-Aug-14,16:40,Richmond,GWS Giants,MCG
2-Aug-14,13:10,Adelaide,West Coast,Adelaide Oval
1-Aug-14,19:50,Sydney,Essendon,SCG
31-Jul-14,18:10,Fremantle,Carlton,Domain Stadium
27-Jul-14,16:40,Collingwood,Adelaide,MCG
26-Jul-14,19:40,Hawthorn,Sydney,MCG
26-Jul-14,16:40,Brisbane,Gold Coast,Gabba
25-Jul-14,18:40,West Coast,Richmond,Domain Stadium
20-Jul-14,16:40,Western Bulldogs,Essendon,Marvel Stadium
20-Jul-14,12:40,Port Adelaide,Melbourne,Adelaide Oval
19-Jul-14,19:40,GWS Giants,Geelong,Spotless Stadium
19-Jul-14,16:40,St Kilda,Fremantle,Marvel Stadium
18-Jul-14,19:50,Carlton,North Melbourne,Marvel Stadium
13-Jul-14,14:40,Fremantle,GWS Giants,Domain Stadium
13-Jul-14,15:20,Essendon,Collingwood,MCG
13-Jul-14,13:10,Richmond,Port Adelaide,Marvel Stadium
12-Jul-14,19:40,Brisbane,West Coast,Gabba
12-Jul-14,19:40,Sydney,Carlton,SCG
12-Jul-14,16:40,Western Bulldogs,Gold Coast,Cazaly’s Stadium
12-Jul-14,14:10,North Melbourne,St Kilda,Blundstone Arena
12-Jul-14,13:45,Melbourne,Geelong,MCG
11-Jul-14,19:20,Adelaide,Hawthorn,Adelaide Oval
6-Jul-14,16:40,Geelong,Western Bulldogs,GMHBA Stadium
6-Jul-14,13:20,West Coast,Sydney,Domain Stadium
6-Jul-14,13:10,Carlton,St Kilda,Marvel Stadium
5-Jul-14,19:10,Melbourne,Fremantle,TIO Stadium
5-Jul-14,19:10,Port Adelaide,Essendon,Adelaide Oval
5-Jul-14,16:40,Gold Coast,Collingwood,Metricon Stadium
5-Jul-14,14:10,GWS Giants,Adelaide,Spotless Stadium
5-Jul-14,13:45,Richmond,Brisbane,MCG
4-Jul-14,19:50,North Melbourne,Hawthorn,Marvel Stadium
29-Jun-14,19:10,Collingwood,Carlton,MCG
29-Jun-14,13:40,Adelaide,Port Adelaide,Adelaide Oval
29-Jun-14,13:10,Western Bulldogs,Melbourne,Marvel Stadium
28-Jun-14,19:40,Brisbane,North Melbourne,Gabba
28-Jun-14,19:40,Sydney,GWS Giants,SCG
28-Jun-14,14:40,Fremantle,West Coast,Domain Stadium
28-Jun-14,14:10,St Kilda,Richmond,Marvel Stadium
28-Jun-14,13:45,Hawthorn,Gold Coast,University of Tasmania Stadium
27-Jun-14,19:50,Geelong,Essendon,Marvel Stadium
22-Jun-14,16:40,Melbourne,North Melbourne,MCG
22-Jun-14,15:20,St Kilda,West Coast,Marvel Stadium
22-Jun-14,13:10,GWS Giants,Carlton,Spotless Stadium
21-Jun-14,19:40,Essendon,Adelaide,Marvel Stadium
21-Jun-14,17:40,Fremantle,Brisbane,Domain Stadium
21-Jun-14,16:40,Gold Coast,Geelong,Metricon Stadium
21-Jun-14,14:10,Hawthorn,Collingwood,MCG
21-Jun-14,13:15,Port Adelaide,Western Bulldogs,Adelaide Oval
20-Jun-14,19:50,Richmond,Sydney,MCG
15-Jun-14,16:40,Essendon,Melbourne,MCG
15-Jun-14,15:20,Collingwood,Western Bulldogs,Marvel Stadium
15-Jun-14,13:10,Geelong,St Kilda,GMHBA Stadium
14-Jun-14,19:10,Adelaide,North Melbourne,Adelaide Oval
14-Jun-14,19:40,Brisbane,GWS Giants,Gabba
14-Jun-14,14:40,West Coast,Gold Coast,Domain Stadium
14-Jun-14,14:10,Sydney,Port Adelaide,SCG
14-Jun-14,13:45,Richmond,Fremantle,MCG
13-Jun-14,19:50,Carlton,Hawthorn,MCG
9-Jun-14,15:20,Melbourne,Collingwood,MCG
8-Jun-14,19:10,North Melbourne,Richmond,Marvel Stadium
8-Jun-14,14:10,Fremantle,Adelaide,Domain Stadium
8-Jun-14,15:20,Gold Coast,Sydney,Metricon Stadium
7-Jun-14,19:40,GWS Giants,Essendon,Spotless Stadium
7-Jun-14,19:40,Western Bulldogs,Brisbane,Marvel Stadium
7-Jun-14,16:10,Port Adelaide,St Kilda,Adelaide Oval
7-Jun-14,13:40,Hawthorn,West Coast,University of Tasmania Stadium
6-Jun-14,19:50,Geelong,Carlton,Marvel Stadium
1-Jun-14,17:40,West Coast,North Melbourne,Domain Stadium
1-Jun-14,16:40,Hawthorn,GWS Giants,MCG
1-Jun-14,15:20,Western Bulldogs,Fremantle,Marvel Stadium
1-Jun-14,12:40,Adelaide,Gold Coast,Adelaide Oval
31-May-14,19:45,Essendon,Richmond,MCG
31-May-14,16:40,Brisbane,Carlton,Gabba
31-May-14,13:10,Melbourne,Port Adelaide,Traeger Park
30-May-14,19:50,St Kilda,Collingwood,Marvel Stadium
29-May-14,19:10,Sydney,Geelong,SCG
25-May-14,16:40,Carlton,Adelaide,MCG
25-May-14,15:20,Gold Coast,Western Bulldogs,Metricon Stadium
24-May-14,19:10,Port Adelaide,Hawthorn,Adelaide Oval
24-May-14,16:40,Collingwood,West Coast,MCG
24-May-14,13:40,GWS Giants,Richmond,Spotless Stadium
23-May-14,19:50,Geelong,North Melbourne,GMHBA Stadium
18-May-14,16:40,St Kilda,Gold Coast,Marvel Stadium
17-May-14,17:40,Fremantle,Geelong,Domain Stadium
17-May-14,16:40,North Melbourne,Brisbane,Marvel Stadium
17-May-14,13:40,Richmond,Melbourne,MCG
16-May-14,19:50,Essendon,Sydney,Marvel Stadium
15-May-14,19:20,Adelaide,Collingwood,Adelaide Oval
12-May-14,19:20,St Kilda,Carlton,Marvel Stadium
11-May-14,14:40,West Coast,GWS Giants,Domain Stadium
10-May-14,19:40,Melbourne,Western Bulldogs,MCG
10-May-14,16:40,Brisbane,Essendon,Gabba
10-May-14,13:10,Port Adelaide,Fremantle,Adelaide Oval
9-May-14,19:50,Sydney,Hawthorn,ANZ Stadium
4-May-14,14:40,West Coast,Fremantle,Domain Stadium
4-May-14,15:20,Geelong,Richmond,MCG
4-May-14,13:10,North Melbourne,Gold Coast,Marvel Stadium
3-May-14,19:40,Brisbane,Sydney,Gabba
3-May-14,19:40,Essendon,Western Bulldogs,Marvel Stadium
3-May-14,16:10,Adelaide,Melbourne,Adelaide Oval
3-May-14,14:10,GWS Giants,Port Adelaide,UNSW Canberra Oval
3-May-14,13:45,Hawthorn,St Kilda,MCG
2-May-14,19:50,Carlton,Collingwood,MCG
27-Apr-14,16:10,Port Adelaide,Geelong,Adelaide Oval
27-Apr-14,15:20,Richmond,Hawthorn,MCG
27-Apr-14,13:10,Western Bulldogs,Adelaide,Marvel Stadium
26-Apr-14,19:40,Melbourne,Sydney,MCG
26-Apr-14,16:40,Carlton,West Coast,Marvel Stadium
26-Apr-14,13:40,Gold Coast,GWS Giants,Metricon Stadium
25-Apr-14,18:40,Fremantle,North Melbourne,Domain Stadium
25-Apr-14,19:45,St Kilda,Brisbane,Westpac Stadium
25-Apr-14,14:40,Collingwood,Essendon,MCG
21-Apr-14,15:20,Geelong,Hawthorn,MCG
20-Apr-14,16:40,Western Bulldogs,Carlton,Marvel Stadium
20-Apr-14,15:20,Melbourne,Gold Coast,MCG
20-Apr-14,12:40,Adelaide,GWS Giants,Adelaide Oval
19-Apr-14,19:40,Essendon,St Kilda,Marvel Stadium
19-Apr-14,17:40,West Coast,Port Adelaide,Domain Stadium
19-Apr-14,16:40,Sydney,Fremantle,SCG
19-Apr-14,13:40,Collingwood,North Melbourne,MCG
17-Apr-14,19:50,Brisbane,Richmond,Gabba
13-Apr-14,14:40,Fremantle,Essendon,Domain Stadium
13-Apr-14,15:20,St Kilda,Adelaide,Marvel Stadium
13-Apr-14,13:10,Sydney,North Melbourne,SCG
12-Apr-14,19:40,Geelong,West Coast,GMHBA Stadium
12-Apr-14,19:40,Gold Coast,Hawthorn,Metricon Stadium
12-Apr-14,16:40,GWS Giants,Western Bulldogs,UNSW Canberra Oval
12-Apr-14,13:40,Port Adelaide,Brisbane,Adelaide Oval
12-Apr-14,13:45,Carlton,Melbourne,MCG
11-Apr-14,19:50,Richmond,Collingwood,MCG
6-Apr-14,19:10,Essendon,Carlton,MCG
6-Apr-14,16:10,North Melbourne,Port Adelaide,Marvel Stadium
6-Apr-14,13:10,GWS Giants,Melbourne,Spotless Stadium
5-Apr-14,19:40,Collingwood,Geelong,MCG
5-Apr-14,16:40,West Coast,St Kilda,Domain Stadium
5-Apr-14,15:40,Gold Coast,Brisbane,Metricon Stadium
5-Apr-14,13:40,Adelaide,Sydney,Adelaide Oval
5-Apr-14,13:45,Western Bulldogs,Richmond,Marvel Stadium
4-Apr-14,19:50,Hawthorn,Fremantle,MCG
30-Mar-14,16:40,Western Bulldogs,North Melbourne,Marvel Stadium
30-Mar-14,15:20,Melbourne,West Coast,MCG
30-Mar-14,12:10,Brisbane,Geelong,Gabba
29-Mar-14,16:40,Fremantle,Gold Coast,Domain Stadium
29-Mar-14,19:40,Sydney,Collingwood,ANZ Stadium
29-Mar-14,16:15,Port Adelaide,Adelaide,Adelaide Oval
29-Mar-14,13:40,St Kilda,GWS Giants,Marvel Stadium
28-Mar-14,19:50,Essendon,Hawthorn,Marvel Stadium
27-Mar-14,19:45,Richmond,Carlton,MCG
23-Mar-14,16:40,West Coast,Western Bulldogs,Domain Stadium
22-Mar-14,19:40,St Kilda,Melbourne,Marvel Stadium
22-Mar-14,16:40,Hawthorn,Brisbane,University of Tasmania Stadium
21-Mar-14,19:50,North Melbourne,Essendon,Marvel Stadium
20-Mar-14,19:10,Geelong,Adelaide,GMHBA Stadium
16-Mar-14,19:40,Carlton,Port Adelaide,Marvel Stadium
15-Mar-14,18:55,Gold Coast,Richmond,Metricon Stadium
15-Mar-14,16:40,GWS Giants,Sydney,Spotless Stadium
14-Mar-14,19:50,Collingwood,Fremantle,Marvel Stadium
28-Sep-13,14:30,Hawthorn,Fremantle,MCG
21-Sep-13,17:45,Fremantle,Sydney,Domain Stadium
20-Sep-13,19:50,Hawthorn,Geelong,MCG
14-Sep-13,19:45,Sydney,Carlton,ANZ Stadium
13-Sep-13,19:50,Geelong,Port Adelaide,MCG
8-Sep-13,15:20,Richmond,Carlton,MCG
7-Sep-13,19:45,Collingwood,Port Adelaide,MCG
7-Sep-13,14:20,Geelong,Fremantle,GMHBA Stadium
6-Sep-13,19:50,Hawthorn,Sydney,MCG
1-Sep-13,16:40,Western Bulldogs,Melbourne,Marvel Stadium
1-Sep-13,15:20,Collingwood,North Melbourne,MCG
1-Sep-13,13:10,Gold Coast,GWS Giants,Metricon Stadium
31-Aug-13,18:10,West Coast,Adelaide,Domain Stadium
31-Aug-13,19:40,Essendon,Richmond,MCG
31-Aug-13,16:10,Port Adelaide,Carlton,AAMI Stadium
31-Aug-13,14:10,Geelong,Brisbane,GMHBA Stadium
31-Aug-13,13:45,St Kilda,Fremantle,Marvel Stadium
30-Aug-13,19:50,Sydney,Hawthorn,ANZ Stadium
25-Aug-13,16:40,Brisbane,Western Bulldogs,Gabba
25-Aug-13,15:20,GWS Giants,Richmond,Spotless Stadium
25-Aug-13,13:10,St Kilda,Gold Coast,Marvel Stadium
24-Aug-13,19:40,Carlton,Essendon,MCG
24-Aug-13,17:40,Fremantle,Port Adelaide,Domain Stadium
24-Aug-13,16:40,Geelong,Sydney,GMHBA Stadium
24-Aug-13,14:10,North Melbourne,Hawthorn,Marvel Stadium
24-Aug-13,13:15,Adelaide,Melbourne,AAMI Stadium
23-Aug-13,19:50,Collingwood,West Coast,MCG
18-Aug-13,16:40,Western Bulldogs,Adelaide,Marvel Stadium
18-Aug-13,15:20,Sydney,St Kilda,SCG
18-Aug-13,13:10,Melbourne,Fremantle,MCG
17-Aug-13,19:40,Brisbane,GWS Giants,Gabba
17-Aug-13,17:40,West Coast,Geelong,Domain Stadium
17-Aug-13,16:40,Essendon,North Melbourne,Marvel Stadium
17-Aug-13,13:40,Port Adelaide,Gold Coast,AAMI Stadium
17-Aug-13,13:45,Richmond,Carlton,MCG
16-Aug-13,19:50,Hawthorn,Collingwood,MCG
11-Aug-13,14:40,Fremantle,GWS Giants,Domain Stadium
11-Aug-13,14:50,Adelaide,North Melbourne,AAMI Stadium
11-Aug-13,13:10,Essendon,West Coast,Marvel Stadium
10-Aug-13,19:40,Gold Coast,Melbourne,Metricon Stadium
10-Aug-13,19:40,Sydney,Collingwood,ANZ Stadium
10-Aug-13,16:40,Carlton,Western Bulldogs,Marvel Stadium
10-Aug-13,14:10,Geelong,Port Adelaide,GMHBA Stadium
10-Aug-13,13:45,Richmond,Brisbane,MCG
9-Aug-13,19:50,St Kilda,Hawthorn,Marvel Stadium
4-Aug-13,16:40,Collingwood,Essendon,MCG
4-Aug-13,14:50,Adelaide,Port Adelaide,AAMI Stadium
4-Aug-13,13:10,Western Bulldogs,Sydney,Marvel Stadium
3-Aug-13,19:40,Brisbane,St Kilda,Gabba
3-Aug-13,19:40,Carlton,Fremantle,Marvel Stadium
3-Aug-13,14:40,West Coast,Gold Coast,Domain Stadium
3-Aug-13,14:10,Hawthorn,Richmond,MCG
3-Aug-13,13:45,GWS Giants,Melbourne,Spotless Stadium
2-Aug-13,19:50,North Melbourne,Geelong,Marvel Stadium
28-Jul-13,16:40,Sydney,Richmond,SCG
28-Jul-13,15:20,Western Bulldogs,West Coast,Marvel Stadium
28-Jul-13,12:40,Port Adelaide,Brisbane,AAMI Stadium
27-Jul-13,17:40,Fremantle,Adelaide,Domain Stadium
27-Jul-13,19:40,Geelong,St Kilda,GMHBA Stadium
27-Jul-13,16:40,Collingwood,GWS Giants,MCG
27-Jul-13,14:10,Melbourne,North Melbourne,Marvel Stadium
27-Jul-13,13:45,Gold Coast,Carlton,Metricon Stadium
26-Jul-13,19:50,Essendon,Hawthorn,Marvel Stadium
21-Jul-13,14:40,West Coast,Sydney,Domain Stadium
21-Jul-13,14:50,Adelaide,Geelong,AAMI Stadium
21-Jul-13,13:10,Richmond,Fremantle,MCG
20-Jul-13,19:10,Melbourne,Brisbane,TIO Stadium
20-Jul-13,19:40,St Kilda,Port Adelaide,Marvel Stadium
20-Jul-13,16:40,Gold Coast,Collingwood,Metricon Stadium
20-Jul-13,14:10,GWS Giants,Essendon,Spotless Stadium
20-Jul-13,13:45,Hawthorn,Western Bulldogs,University of Tasmania Stadium
19-Jul-13,19:50,North Melbourne,Carlton,Marvel Stadium
14-Jul-13,14:40,West Coast,Fremantle,Domain Stadium
14-Jul-13,15:20,Western Bulldogs,Essendon,Marvel Stadium
14-Jul-13,13:10,Sydney,GWS Giants,SCG
13-Jul-13,19:40,Brisbane,North Melbourne,Gabba
13-Jul-13,19:40,Carlton,St Kilda,Marvel Stadium
13-Jul-13,16:40,Richmond,Gold Coast,Cazaly’s Stadium
13-Jul-13,14:10,Geelong,Melbourne,GMHBA Stadium
13-Jul-13,13:15,Port Adelaide,Hawthorn,AAMI Stadium
12-Jul-13,19:50,Collingwood,Adelaide,MCG
7-Jul-13,16:40,Essendon,Port Adelaide,Marvel Stadium
7-Jul-13,13:20,Fremantle,St Kilda,Domain Stadium
7-Jul-13,13:10,Melbourne,Sydney,MCG
6-Jul-13,19:10,Adelaide,West Coast,AAMI Stadium
6-Jul-13,19:40,Geelong,Hawthorn,MCG
6-Jul-13,16:40,Brisbane,Gold Coast,Gabba
6-Jul-13,14:10,North Melbourne,Richmond,Marvel Stadium
6-Jul-13,13:45,GWS Giants,Western Bulldogs,UNSW Canberra Oval
5-Jul-13,19:50,Carlton,Collingwood,MCG
30-Jun-13,16:40,Richmond,St Kilda,MCG
30-Jun-13,15:20,North Melbourne,GWS Giants,Marvel Stadium
30-Jun-13,13:10,Hawthorn,Brisbane,University of Tasmania Stadium
29-Jun-13,19:40,Geelong,Fremantle,GMHBA Stadium
29-Jun-13,19:40,Melbourne,Western Bulldogs,MCG
29-Jun-13,16:10,Port Adelaide,Collingwood,AAMI Stadium
29-Jun-13,13:40,Gold Coast,Adelaide,Metricon Stadium
28-Jun-13,19:50,Sydney,Carlton,SCG
27-Jun-13,18:10,West Coast,Essendon,Domain Stadium
23-Jun-13,16:40,Brisbane,Geelong,Gabba
23-Jun-13,13:20,Fremantle,North Melbourne,Domain Stadium
22-Jun-13,19:40,Western Bulldogs,Richmond,Marvel Stadium
22-Jun-13,16:40,St Kilda,Melbourne,MCG
22-Jun-13,13:10,Port Adelaide,Sydney,AAMI Stadium
21-Jun-13,19:50,Hawthorn,West Coast,Marvel Stadium
16-Jun-13,16:40,Collingwood,Western Bulldogs,Marvel Stadium
16-Jun-13,13:10,GWS Giants,Port Adelaide,Spotless Stadium
15-Jun-13,19:40,Essendon,Gold Coast,Marvel Stadium
15-Jun-13,14:40,Fremantle,Brisbane,Domain Stadium
15-Jun-13,13:40,Richmond,Adelaide,MCG
14-Jun-13,19:50,Carlton,Hawthorn,Marvel Stadium
10-Jun-13,15:15,Melbourne,Collingwood,MCG
9-Jun-13,16:40,St Kilda,West Coast,Marvel Stadium
8-Jun-13,19:40,Gold Coast,North Melbourne,Metricon Stadium
8-Jun-13,16:10,Adelaide,Sydney,AAMI Stadium
8-Jun-13,13:40,GWS Giants,Geelong,Spotless Stadium
7-Jun-13,19:50,Essendon,Carlton,MCG
3-Jun-13,17:40,West Coast,Richmond,Domain Stadium
2-Jun-13,16:40,North Melbourne,St Kilda,Marvel Stadium
2-Jun-13,15:20,Melbourne,Hawthorn,MCG
1-Jun-13,19:40,Geelong,Gold Coast,GMHBA Stadium
1-Jun-13,19:10,Western Bulldogs,Port Adelaide,TIO Stadium
1-Jun-13,16:40,Sydney,Essendon,SCG
1-Jun-13,13:40,Adelaide,Fremantle,AAMI Stadium
1-Jun-13,13:45,Carlton,GWS Giants,Marvel Stadium
31-May-13,19:50,Brisbane,Collingwood,Gabba
26-May-13,14:40,Fremantle,Melbourne,Domain Stadium
26-May-13,15:20,North Melbourne,Adelaide,Marvel Stadium
26-May-13,13:10,Hawthorn,Gold Coast,MCG
25-May-13,19:45,Richmond,Essendon,MCG
25-May-13,19:40,Brisbane,Carlton,Gabba
25-May-13,16:40,St Kilda,Western Bulldogs,Marvel Stadium
25-May-13,14:10,GWS Giants,West Coast,Spotless Stadium
25-May-13,13:15,Port Adelaide,Geelong,AAMI Stadium
24-May-13,19:50,Collingwood,Sydney,MCG
19-May-13,16:10,Adelaide,St Kilda,AAMI Stadium
19-May-13,15:20,Richmond,Melbourne,MCG
19-May-13,13:10,Carlton,Port Adelaide,Marvel Stadium
18-May-13,19:40,Collingwood,Geelong,MCG
18-May-13,19:40,Sydney,Fremantle,SCG
18-May-13,16:40,Gold Coast,Western Bulldogs,Metricon Stadium
18-May-13,14:10,Hawthorn,GWS Giants,University of Tasmania Stadium
18-May-13,13:45,Essendon,Brisbane,Marvel Stadium
17-May-13,18:40,West Coast,North Melbourne,Domain Stadium
13-May-13,19:40,St Kilda,Carlton,Marvel Stadium
12-May-13,16:40,Melbourne,Gold Coast,MCG
12-May-13,13:10,GWS Giants,Adelaide,Spotless Stadium
11-May-13,17:40,Fremantle,Collingwood,Domain Stadium
11-May-13,19:40,Hawthorn,Sydney,MCG
11-May-13,16:40,Western Bulldogs,North Melbourne,Marvel Stadium
11-May-13,14:10,Brisbane,West Coast,Gabba
11-May-13,13:15,Port Adelaide,Richmond,AAMI Stadium
10-May-13,19:50,Geelong,Essendon,Marvel Stadium
5-May-13,14:40,West Coast,Western Bulldogs,Domain Stadium
5-May-13,15:20,Carlton,Melbourne,MCG
5-May-13,13:10,Sydney,Brisbane,SCG
4-May-13,19:40,Gold Coast,Fremantle,Metricon Stadium
4-May-13,19:40,Richmond,Geelong,MCG
4-May-13,16:10,Adelaide,Hawthorn,AAMI Stadium
4-May-13,14:10,North Melbourne,Port Adelaide,Blundstone Arena
4-May-13,13:45,Essendon,GWS Giants,Marvel Stadium
3-May-13,19:50,Collingwood,St Kilda,Marvel Stadium
28-Apr-13,16:40,Hawthorn,North Melbourne,MCG
28-Apr-13,15:20,Brisbane,Melbourne,Gabba
27-Apr-13,19:15,Port Adelaide,West Coast,AAMI Stadium
27-Apr-13,19:40,Western Bulldogs,Geelong,Marvel Stadium
27-Apr-13,16:40,Carlton,Adelaide,MCG
27-Apr-13,13:45,GWS Giants,Gold Coast,UNSW Canberra Oval
26-Apr-13,18:45,Fremantle,Richmond,Domain Stadium
25-Apr-13,19:50,St Kilda,Sydney,Westpac Stadium
25-Apr-13,14:40,Essendon,Collingwood,MCG
21-Apr-13,16:40,North Melbourne,Brisbane,Marvel Stadium
21-Apr-13,14:45,Adelaide,Western Bulldogs,AAMI Stadium
21-Apr-13,13:10,Melbourne,GWS Giants,MCG
20-Apr-13,19:40,Gold Coast,Port Adelaide,Metricon Stadium
20-Apr-13,17:40,West Coast,Carlton,Domain Stadium
20-Apr-13,16:40,St Kilda,Essendon,Marvel Stadium
20-Apr-13,14:10,Richmond,Collingwood,MCG
20-Apr-13,13:45,Hawthorn,Fremantle,University of Tasmania Stadium
19-Apr-13,19:50,Sydney,Geelong,SCG
14-Apr-13,16:10,Port Adelaide,Adelaide,AAMI Stadium
14-Apr-13,15:15,Collingwood,Hawthorn,MCG
14-Apr-13,13:10,Richmond,Western Bulldogs,Marvel Stadium
13-Apr-13,19:40,Geelong,Carlton,Marvel Stadium
13-Apr-13,19:40,Gold Coast,Brisbane,Metricon Stadium
13-Apr-13,16:40,GWS Giants,St Kilda,UNSW Canberra Oval
13-Apr-13,14:10,Melbourne,West Coast,MCG
13-Apr-13,13:45,North Melbourne,Sydney,Blundstone Arena
12-Apr-13,18:40,Fremantle,Essendon,Domain Stadium
7-Apr-13,14:40,West Coast,Hawthorn,Domain Stadium
7-Apr-13,15:15,Collingwood,Carlton,MCG
7-Apr-13,13:10,Geelong,North Melbourne,Marvel Stadium
6-Apr-13,19:40,Essendon,Melbourne,MCG
6-Apr-13,19:10,Port Adelaide,GWS Giants,AAMI Stadium
6-Apr-13,15:40,Brisbane,Adelaide,Gabba
6-Apr-13,14:10,Western Bulldogs,Fremantle,Marvel Stadium
6-Apr-13,13:45,Sydney,Gold Coast,SCG
5-Apr-13,19:50,St Kilda,Richmond,MCG
1-Apr-13,15:20,Hawthorn,Geelong,MCG
31-Mar-13,16:40,North Melbourne,Collingwood,Marvel Stadium
31-Mar-13,13:10,Melbourne,Port Adelaide,MCG
30-Mar-13,18:45,Gold Coast,St Kilda,Metricon Stadium
30-Mar-13,16:40,GWS Giants,Sydney,ANZ Stadium
30-Mar-13,13:40,Western Bulldogs,Brisbane,Marvel Stadium
28-Mar-13,19:45,Carlton,Richmond,MCG
23-Mar-13,16:40,Fremantle,West Coast,Domain Stadium
22-Mar-13,20:10,Adelaide,Essendon,AAMI Stadium
29-Sep-12,14:30,Hawthorn,Sydney,MCG
22-Sep-12,17:15,Hawthorn,Adelaide,MCG
21-Sep-12,19:45,Sydney,Collingwood,ANZ Stadium
15-Sep-12,19:45,Collingwood,West Coast,MCG
14-Sep-12,19:45,Adelaide,Fremantle,AAMI Stadium
9-Sep-12,13:15,West Coast,North Melbourne,Domain Stadium
8-Sep-12,19:45,Geelong,Fremantle,MCG
8-Sep-12,14:45,Adelaide,Sydney,AAMI Stadium
7-Sep-12,19:50,Hawthorn,Collingwood,MCG
2-Sep-12,16:40,Brisbane,Western Bulldogs,Gabba
2-Sep-12,15:15,Richmond,Port Adelaide,MCG
2-Sep-12,13:10,Carlton,St Kilda,Marvel Stadium
1-Sep-12,19:40,Essendon,Collingwood,MCG
1-Sep-12,17:40,Fremantle,Melbourne,Domain Stadium
1-Sep-12,16:40,GWS Giants,North Melbourne,Spotless Stadium
1-Sep-12,13:40,Adelaide,Gold Coast,AAMI Stadium
1-Sep-12,13:45,Geelong,Sydney,GMHBA Stadium
31-Aug-12,19:50,Hawthorn,West Coast,MCG
26-Aug-12,16:40,Melbourne,Adelaide,MCG
26-Aug-12,15:15,North Melbourne,Fremantle,Marvel Stadium
26-Aug-12,13:10,Geelong,Western Bulldogs,GMHBA Stadium
25-Aug-12,19:40,Gold Coast,Carlton,Metricon Stadium
25-Aug-12,17:40,West Coast,Collingwood,Domain Stadium
25-Aug-12,16:40,Sydney,Hawthorn,SCG
25-Aug-12,13:40,Port Adelaide,Brisbane,AAMI Stadium
25-Aug-12,13:45,St Kilda,GWS Giants,Marvel Stadium
24-Aug-12,19:50,Richmond,Essendon,MCG
19-Aug-12,16:40,Hawthorn,Gold Coast,MCG
19-Aug-12,15:15,Western Bulldogs,Sydney,Marvel Stadium
19-Aug-12,12:40,Port Adelaide,West Coast,AAMI Stadium
18-Aug-12,19:40,Brisbane,Adelaide,Gabba
18-Aug-12,19:40,Collingwood,North Melbourne,Marvel Stadium
18-Aug-12,14:40,Fremantle,Richmond,Domain Stadium
18-Aug-12,14:10,GWS Giants,Melbourne,UNSW Canberra Oval
18-Aug-12,13:45,Essendon,Carlton,MCG
17-Aug-12,19:50,Geelong,St Kilda,Marvel Stadium
12-Aug-12,16:40,Essendon,North Melbourne,Marvel Stadium
12-Aug-12,15:15,Richmond,Western Bulldogs,MCG
12-Aug-12,13:10,Hawthorn,Port Adelaide,University of Tasmania Stadium
11-Aug-12,19:40,Carlton,Brisbane,Marvel Stadium
11-Aug-12,19:40,Sydney,Collingwood,ANZ Stadium
11-Aug-12,16:40,Gold Coast,GWS Giants,Metricon Stadium
11-Aug-12,13:40,Adelaide,Fremantle,AAMI Stadium
11-Aug-12,13:45,St Kilda,Melbourne,MCG
10-Aug-12,18:40,West Coast,Geelong,Domain Stadium
5-Aug-12,14:10,Adelaide,Essendon,AAMI Stadium
5-Aug-12,15:15,Carlton,Sydney,Marvel Stadium
5-Aug-12,13:10,Melbourne,Gold Coast,MCG
4-Aug-12,19:40,Brisbane,Richmond,Gabba
4-Aug-12,19:40,Collingwood,St Kilda,MCG
4-Aug-12,14:40,Fremantle,West Coast,Domain Stadium
4-Aug-12,14:10,GWS Giants,Port Adelaide,Spotless Stadium
4-Aug-12,13:45,Western Bulldogs,North Melbourne,Marvel Stadium
3-Aug-12,19:50,Hawthorn,Geelong,MCG
29-Jul-12,14:40,West Coast,Brisbane,Domain Stadium
29-Jul-12,15:15,St Kilda,Western Bulldogs,Marvel Stadium
29-Jul-12,12:40,Port Adelaide,Fremantle,AAMI Stadium
28-Jul-12,19:40,Carlton,Richmond,MCG
28-Jul-12,19:40,Gold Coast,Sydney,Metricon Stadium
28-Jul-12,16:40,GWS Giants,Collingwood,Spotless Stadium
28-Jul-12,14:10,North Melbourne,Melbourne,Marvel Stadium
28-Jul-12,13:45,Geelong,Adelaide,GMHBA Stadium
27-Jul-12,19:50,Essendon,Hawthorn,Marvel Stadium
22-Jul-12,14:40,Fremantle,GWS Giants,Domain Stadium
22-Jul-12,15:15,Richmond,North Melbourne,MCG
22-Jul-12,13:10,Sydney,St Kilda,SCG
21-Jul-12,19:10,Melbourne,Port Adelaide,TIO Stadium
21-Jul-12,19:40,Western Bulldogs,Carlton,Marvel Stadium
21-Jul-12,16:40,Gold Coast,Brisbane,Metricon Stadium
21-Jul-12,13:40,Adelaide,West Coast,AAMI Stadium
21-Jul-12,13:45,Collingwood,Hawthorn,MCG
20-Jul-12,19:50,Geelong,Essendon,Marvel Stadium
15-Jul-12,14:40,West Coast,Sydney,Domain Stadium
15-Jul-12,15:15,Western Bulldogs,Hawthorn,Marvel Stadium
15-Jul-12,13:10,GWS Giants,Adelaide,Spotless Stadium
14-Jul-12,19:40,Brisbane,St Kilda,Gabba
14-Jul-12,19:40,Geelong,Collingwood,MCG
14-Jul-12,16:40,Richmond,Gold Coast,Cazaly’s Stadium
14-Jul-12,13:40,Port Adelaide,Essendon,AAMI Stadium
14-Jul-12,13:45,Melbourne,Fremantle,Marvel Stadium
13-Jul-12,19:50,North Melbourne,Carlton,Marvel Stadium
8-Jul-12,14:40,Fremantle,Western Bulldogs,Domain Stadium
8-Jul-12,15:15,Gold Coast,Geelong,Metricon Stadium
8-Jul-12,13:10,Hawthorn,GWS Giants,MCG
7-Jul-12,19:10,Port Adelaide,Adelaide,AAMI Stadium
7-Jul-12,19:40,St Kilda,Essendon,Marvel Stadium
7-Jul-12,16:40,Sydney,Brisbane,SCG
7-Jul-12,14:10,Melbourne,Richmond,MCG
7-Jul-12,13:45,North Melbourne,West Coast,Blundstone Arena
6-Jul-12,19:50,Collingwood,Carlton,MCG
1-Jul-12,16:40,St Kilda,North Melbourne,Marvel Stadium
1-Jul-12,15:15,Brisbane,Melbourne,Gabba
1-Jul-12,13:10,Geelong,Port Adelaide,GMHBA Stadium
30-Jun-12,19:40,Essendon,Western Bulldogs,Marvel Stadium
30-Jun-12,19:40,Sydney,GWS Giants,ANZ Stadium
30-Jun-12,16:40,West Coast,Gold Coast,Domain Stadium
30-Jun-12,13:40,Adelaide,Richmond,AAMI Stadium
30-Jun-12,13:45,Collingwood,Fremantle,MCG
29-Jun-12,19:50,Carlton,Hawthorn,MCG
24-Jun-12,16:40,North Melbourne,Adelaide,Marvel Stadium
24-Jun-12,15:15,Melbourne,GWS Giants,MCG
23-Jun-12,17:40,Fremantle,Essendon,Domain Stadium
23-Jun-12,16:40,Collingwood,West Coast,MCG
23-Jun-12,13:40,Western Bulldogs,Brisbane,Marvel Stadium
22-Jun-12,19:50,Sydney,Geelong,SCG
17-Jun-12,16:40,Western Bulldogs,Port Adelaide,Marvel Stadium
17-Jun-12,13:10,Hawthorn,Brisbane,MCG
16-Jun-12,19:40,Gold Coast,North Melbourne,Metricon Stadium
16-Jun-12,14:10,GWS Giants,Richmond,Spotless Stadium
15-Jun-12,20:10,Adelaide,St Kilda,AAMI Stadium
14-Jun-12,17:40,West Coast,Carlton,Domain Stadium
11-Jun-12,15:15,Melbourne,Collingwood,MCG
10-Jun-12,16:10,Port Adelaide,Hawthorn,AAMI Stadium
9-Jun-12,19:40,Essendon,Sydney,Marvel Stadium
9-Jun-12,16:40,Gold Coast,St Kilda,Metricon Stadium
9-Jun-12,13:40,Richmond,Fremantle,MCG
8-Jun-12,19:50,Carlton,Geelong,Marvel Stadium
3-Jun-12,16:40,Collingwood,Gold Coast,MCG
3-Jun-12,15:15,Sydney,Western Bulldogs,SCG
3-Jun-12,13:10,Brisbane,West Coast,Gabba
2-Jun-12,19:40,Essendon,Melbourne,MCG
2-Jun-12,19:10,Port Adelaide,Carlton,AAMI Stadium
2-Jun-12,14:40,Fremantle,Adelaide,Domain Stadium
2-Jun-12,14:10,Hawthorn,North Melbourne,University of Tasmania Stadium
2-Jun-12,13:45,Geelong,GWS Giants,GMHBA Stadium
1-Jun-12,19:50,St Kilda,Richmond,Marvel Stadium
27-May-12,14:40,West Coast,Fremantle,Domain Stadium
27-May-12,15:15,Carlton,Melbourne,MCG
27-May-12,13:10,North Melbourne,Brisbane,Marvel Stadium
26-May-12,19:10,Adelaide,Collingwood,AAMI Stadium
26-May-12,19:40,GWS Giants,Essendon,Spotless Stadium
26-May-12,16:40,St Kilda,Sydney,Marvel Stadium
26-May-12,14:10,Gold Coast,Port Adelaide,Metricon Stadium
26-May-12,13:45,Richmond,Hawthorn,MCG
25-May-12,19:50,Western Bulldogs,Geelong,Marvel Stadium
20-May-12,14:40,West Coast,St Kilda,Domain Stadium
20-May-12,15:15,Carlton,Adelaide,Marvel Stadium
20-May-12,13:10,Brisbane,GWS Giants,Gabba
19-May-12,19:45,Essendon,Richmond,MCG
19-May-12,19:10,Western Bulldogs,Gold Coast,TIO Stadium
19-May-12,16:40,Sydney,Melbourne,SCG
19-May-12,14:10,Hawthorn,Fremantle,University of Tasmania Stadium
19-May-12,13:15,Port Adelaide,North Melbourne,AAMI Stadium
18-May-12,19:50,Collingwood,Geelong,MCG
14-May-12,19:40,St Kilda,Carlton,Marvel Stadium
13-May-12,14:40,Fremantle,Port Adelaide,Domain Stadium
13-May-12,13:10,North Melbourne,Western Bulldogs,Marvel Stadium
12-May-12,19:40,Brisbane,Collingwood,Gabba
12-May-12,19:40,Essendon,West Coast,Marvel Stadium
12-May-12,16:40,Richmond,Sydney,MCG
12-May-12,13:40,GWS Giants,Gold Coast,UNSW Canberra Oval
12-May-12,13:15,Adelaide,Geelong,AAMI Stadium
11-May-12,19:50,Melbourne,Hawthorn,MCG
6-May-12,14:40,West Coast,North Melbourne,Domain Stadium
6-May-12,14:45,Port Adelaide,Richmond,AAMI Stadium
6-May-12,13:10,Carlton,GWS Giants,Marvel Stadium
5-May-12,19:40,St Kilda,Hawthorn,MCG
5-May-12,19:40,Sydney,Adelaide,SCG
5-May-12,16:40,Gold Coast,Fremantle,Metricon Stadium
5-May-12,13:45,Geelong,Melbourne,GMHBA Stadium
5-May-12,13:40,Essendon,Brisbane,Marvel Stadium
4-May-12,19:50,Western Bulldogs,Collingwood,Marvel Stadium
29-Apr-12,16:10,Adelaide,Port Adelaide,AAMI Stadium
29-Apr-12,15:15,Richmond,West Coast,Marvel Stadium
29-Apr-12,13:10,Hawthorn,Sydney,University of Tasmania Stadium
28-Apr-12,19:40,Brisbane,Geelong,Gabba
28-Apr-12,19:40,Melbourne,St Kilda,MCG
28-Apr-12,16:40,North Melbourne,Gold Coast,Marvel Stadium
28-Apr-12,13:40,GWS Giants,Western Bulldogs,UNSW Canberra Oval
27-Apr-12,18:40,Fremantle,Carlton,Domain Stadium
25-Apr-12,14:40,Collingwood,Essendon,MCG
22-Apr-12,16:40,Melbourne,Western Bulldogs,MCG
22-Apr-12,15:15,Sydney,North Melbourne,SCG
22-Apr-12,13:10,Geelong,Richmond,GMHBA Stadium
21-Apr-12,19:40,Brisbane,Gold Coast,Gabba
21-Apr-12,17:40,West Coast,Hawthorn,Domain Stadium
21-Apr-12,16:10,Adelaide,GWS Giants,AAMI Stadium
21-Apr-12,14:10,Collingwood,Port Adelaide,Marvel Stadium
21-Apr-12,13:45,Carlton,Essendon,MCG
20-Apr-12,19:50,St Kilda,Fremantle,Marvel Stadium
15-Apr-12,16:40,North Melbourne,Geelong,Marvel Stadium
15-Apr-12,15:15,Hawthorn,Adelaide,MCG
15-Apr-12,13:10,GWS Giants,West Coast,Blacktown Park
14-Apr-12,19:40,Gold Coast,Essendon,Metricon Stadium
14-Apr-12,19:40,Western Bulldogs,St Kilda,Marvel Stadium
14-Apr-12,14:40,Fremantle,Brisbane,Domain Stadium
14-Apr-12,13:40,Port Adelaide,Sydney,AAMI Stadium
14-Apr-12,13:45,Richmond,Melbourne,MCG
13-Apr-12,19:50,Carlton,Collingwood,MCG
9-Apr-12,15:10,Geelong,Hawthorn,MCG
8-Apr-12,16:40,St Kilda,Gold Coast,Marvel Stadium
8-Apr-12,13:10,North Melbourne,GWS Giants,Blundstone Arena
7-Apr-12,19:40,Adelaide,Western Bulldogs,AAMI Stadium
7-Apr-12,19:40,Collingwood,Richmond,MCG
7-Apr-12,16:40,West Coast,Melbourne,Domain Stadium
7-Apr-12,14:10,Sydney,Fremantle,SCG
7-Apr-12,13:45,Essendon,Port Adelaide,Marvel Stadium
5-Apr-12,19:40,Brisbane,Carlton,Gabba
1-Apr-12,16:10,Port Adelaide,St Kilda,AAMI Stadium
1-Apr-12,13:10,Western Bulldogs,West Coast,Marvel Stadium
31-Mar-12,19:40,North Melbourne,Essendon,Marvel Stadium
31-Mar-12,16:40,Fremantle,Geelong,Domain Stadium
31-Mar-12,15:40,Gold Coast,Adelaide,Metricon Stadium
31-Mar-12,13:40,Melbourne,Brisbane,MCG
30-Mar-12,19:50,Hawthorn,Collingwood,MCG
29-Mar-12,19:40,Richmond,Carlton,MCG
24-Mar-12,19:20,GWS Giants,Sydney,ANZ Stadium
1-Oct-11,14:30,Collingwood,Geelong,MCG
24-Sep-11,14:20,Geelong,West Coast,MCG
23-Sep-11,19:45,Collingwood,Hawthorn,MCG
17-Sep-11,17:50,West Coast,Carlton,Domain Stadium
16-Sep-11,19:45,Hawthorn,Sydney,MCG
11-Sep-11,14:40,Carlton,Essendon,MCG
10-Sep-11,19:20,St Kilda,Sydney,Marvel Stadium
10-Sep-11,14:20,Collingwood,West Coast,MCG
9-Sep-11,19:45,Geelong,Hawthorn,MCG
4-Sep-11,16:40,Richmond,North Melbourne,Marvel Stadium
4-Sep-11,14:40,Port Adelaide,Melbourne,Adelaide Oval
3-Sep-11,19:10,Carlton,St Kilda,MCG
3-Sep-11,17:10,West Coast,Adelaide,Domain Stadium
3-Sep-11,16:10,Sydney,Brisbane,SCG
3-Sep-11,14:10,Western Bulldogs,Fremantle,Marvel Stadium
3-Sep-11,13:10,Gold Coast,Hawthorn,Metricon Stadium
2-Sep-11,19:40,Collingwood,Geelong,MCG
28-Aug-11,16:40,Essendon,Port Adelaide,Marvel Stadium
28-Aug-11,14:10,Melbourne,Gold Coast,MCG
28-Aug-11,12:40,Adelaide,Richmond,AAMI Stadium
27-Aug-11,19:10,St Kilda,North Melbourne,Marvel Stadium
27-Aug-11,19:10,Brisbane,West Coast,Gabba
27-Aug-11,14:10,Geelong,Sydney,GMHBA Stadium
27-Aug-11,14:10,Hawthorn,Western Bulldogs,MCG
26-Aug-11,18:40,Fremantle,Collingwood,Domain Stadium
21-Aug-11,16:40,Melbourne,Richmond,MCG
21-Aug-11,14:40,Port Adelaide,Western Bulldogs,AAMI Stadium
21-Aug-11,13:10,Sydney,St Kilda,ANZ Stadium
20-Aug-11,19:10,Collingwood,Brisbane,MCG
20-Aug-11,19:10,North Melbourne,Fremantle,Marvel Stadium
20-Aug-11,14:10,Gold Coast,Adelaide,Metricon Stadium
20-Aug-11,13:10,West Coast,Essendon,Domain Stadium
19-Aug-11,19:40,Carlton,Hawthorn,Marvel Stadium
14-Aug-11,16:10,Adelaide,Geelong,AAMI Stadium
14-Aug-11,14:10,Richmond,Sydney,MCG
14-Aug-11,13:10,Melbourne,West Coast,Marvel Stadium
13-Aug-11,19:10,Brisbane,Gold Coast,Gabba
13-Aug-11,19:10,Western Bulldogs,Essendon,Marvel Stadium
13-Aug-11,14:10,Hawthorn,Port Adelaide,MCG
13-Aug-11,13:10,Fremantle,Carlton,Domain Stadium
12-Aug-11,19:40,St Kilda,Collingwood,Marvel Stadium
7-Aug-11,14:40,West Coast,Richmond,Domain Stadium
7-Aug-11,14:10,Hawthorn,North Melbourne,University of Tasmania Stadium
7-Aug-11,13:10,Brisbane,Adelaide,Gabba
6-Aug-11,19:20,Essendon,Sydney,Marvel Stadium
6-Aug-11,19:10,Port Adelaide,Collingwood,AAMI Stadium
6-Aug-11,14:10,Carlton,Melbourne,MCG
6-Aug-11,13:40,Geelong,Gold Coast,GMHBA Stadium
5-Aug-11,19:40,St Kilda,Fremantle,Marvel Stadium
31-Jul-11,16:10,Adelaide,Port Adelaide,AAMI Stadium
31-Jul-11,14:10,Collingwood,Essendon,MCG
30-Jul-11,19:10,Gold Coast,St Kilda,Metricon Stadium
30-Jul-11,17:40,Fremantle,Hawthorn,Domain Stadium
30-Jul-11,14:10,Geelong,Melbourne,GMHBA Stadium
30-Jul-11,14:10,Western Bulldogs,West Coast,Marvel Stadium
29-Jul-11,19:40,North Melbourne,Carlton,Marvel Stadium
24-Jul-11,14:40,Fremantle,West Coast,Domain Stadium
24-Jul-11,14:10,Melbourne,Hawthorn,MCG
24-Jul-11,13:10,Geelong,Richmond,Marvel Stadium
23-Jul-11,19:10,Essendon,Carlton,MCG
23-Jul-11,19:10,Gold Coast,Collingwood,Metricon Stadium
23-Jul-11,14:10,North Melbourne,Brisbane,Marvel Stadium
23-Jul-11,14:10,Sydney,Western Bulldogs,SCG
22-Jul-11,19:40,St Kilda,Adelaide,Marvel Stadium
17-Jul-11,16:40,North Melbourne,Western Bulldogs,Marvel Stadium
17-Jul-11,14:10,Brisbane,Geelong,Gabba
17-Jul-11,13:10,Sydney,Fremantle,SCG
16-Jul-11,20:10,Melbourne,Port Adelaide,TIO Stadium
16-Jul-11,19:10,St Kilda,West Coast,Marvel Stadium
16-Jul-11,14:10,Richmond,Gold Coast,Cazaly’s Stadium
16-Jul-11,14:10,Carlton,Collingwood,MCG
15-Jul-11,20:10,Adelaide,Essendon,AAMI Stadium
10-Jul-11,16:40,Western Bulldogs,Carlton,Marvel Stadium
10-Jul-11,14:40,Port Adelaide,St Kilda,AAMI Stadium
10-Jul-11,13:10,Collingwood,North Melbourne,MCG
9-Jul-11,19:10,Essendon,Richmond,MCG
9-Jul-11,19:10,Gold Coast,Sydney,Metricon Stadium
9-Jul-11,14:10,Hawthorn,Brisbane,University of Tasmania Stadium
8-Jul-11,18:40,West Coast,Geelong,Domain Stadium
3-Jul-11,16:40,North Melbourne,St Kilda,Marvel Stadium
3-Jul-11,14:10,Collingwood,Hawthorn,MCG
3-Jul-11,13:10,Brisbane,Port Adelaide,Gabba
2-Jul-11,19:10,Adelaide,Sydney,AAMI Stadium
2-Jul-11,19:10,Essendon,Geelong,Marvel Stadium
2-Jul-11,14:10,Richmond,Carlton,MCG
2-Jul-11,13:10,Fremantle,Gold Coast,Domain Stadium
1-Jul-11,19:40,Western Bulldogs,Melbourne,Marvel Stadium
26-Jun-11,16:10,Port Adelaide,North Melbourne,AAMI Stadium
26-Jun-11,14:10,Carlton,West Coast,Marvel Stadium
26-Jun-11,13:10,Geelong,Adelaide,GMHBA Stadium
25-Jun-11,19:10,Sydney,Collingwood,ANZ Stadium
25-Jun-11,17:40,Fremantle,Brisbane,Domain Stadium
25-Jun-11,14:10,Richmond,Melbourne,MCG
25-Jun-11,14:10,Gold Coast,Western Bulldogs,Metricon Stadium
24-Jun-11,19:40,Hawthorn,Essendon,MCG
19-Jun-11,14:40,West Coast,Port Adelaide,Domain Stadium
19-Jun-11,14:10,Carlton,Sydney,Marvel Stadium
19-Jun-11,13:10,Melbourne,Fremantle,MCG
18-Jun-11,19:10,Brisbane,Richmond,Gabba
18-Jun-11,19:10,St Kilda,Geelong,MCG
18-Jun-11,14:10,Hawthorn,Gold Coast,University of Tasmania Stadium
18-Jun-11,14:10,Essendon,North Melbourne,Marvel Stadium
17-Jun-11,19:40,Western Bulldogs,Adelaide,Marvel Stadium
13-Jun-11,14:10,Melbourne,Collingwood,MCG
12-Jun-11,14:40,Fremantle,Essendon,Domain Stadium
12-Jun-11,14:10,Sydney,Richmond,SCG
12-Jun-11,13:10,Carlton,Brisbane,Marvel Stadium
11-Jun-11,19:10,Geelong,Hawthorn,MCG
11-Jun-11,19:10,Gold Coast,North Melbourne,Metricon Stadium
11-Jun-11,14:10,Adelaide,West Coast,AAMI Stadium
10-Jun-11,19:40,St Kilda,Western Bulldogs,Marvel Stadium
5-Jun-11,16:10,Port Adelaide,Carlton,AAMI Stadium
5-Jun-11,14:10,North Melbourne,Adelaide,Marvel Stadium
5-Jun-11,13:10,Hawthorn,Fremantle,MCG
4-Jun-11,19:40,Brisbane,Sydney,Gabba
4-Jun-11,19:10,Collingwood,St Kilda,MCG
4-Jun-11,14:10,Geelong,Western Bulldogs,GMHBA Stadium
4-Jun-11,13:10,West Coast,Gold Coast,Domain Stadium
3-Jun-11,19:40,Essendon,Melbourne,MCG
29-May-11,16:40,Western Bulldogs,Hawthorn,Marvel Stadium
29-May-11,14:10,Collingwood,West Coast,MCG
29-May-11,12:40,Adelaide,Brisbane,AAMI Stadium
28-May-11,20:10,Richmond,Port Adelaide,TIO Stadium
28-May-11,19:20,Gold Coast,Geelong,Metricon Stadium
28-May-11,14:10,North Melbourne,Sydney,Marvel Stadium
28-May-11,13:10,Fremantle,St Kilda,Domain Stadium
27-May-11,19:40,Melbourne,Carlton,MCG
22-May-11,14:40,West Coast,Western Bulldogs,Domain Stadium
22-May-11,14:10,Sydney,Hawthorn,SCG
22-May-11,13:10,Collingwood,Adelaide,Marvel Stadium
21-May-11,19:40,Brisbane,North Melbourne,Gabba
21-May-11,19:40,Richmond,Essendon,MCG
21-May-11,14:10,Port Adelaide,Fremantle,AAMI Stadium
21-May-11,14:10,St Kilda,Melbourne,Marvel Stadium
20-May-11,19:40,Carlton,Geelong,Marvel Stadium
15-May-11,14:40,West Coast,Fremantle,Domain Stadium
15-May-11,14:10,Western Bulldogs,Richmond,Marvel Stadium
15-May-11,13:10,Hawthorn,St Kilda,MCG
14-May-11,19:40,Sydney,Port Adelaide,SCG
14-May-11,19:10,Brisbane,Essendon,Gabba
14-May-11,14:40,Adelaide,Gold Coast,AAMI Stadium
14-May-11,14:10,North Melbourne,Melbourne,Marvel Stadium
13-May-11,19:40,Geelong,Collingwood,MCG
9-May-11,19:20,St Kilda,Carlton,Marvel Stadium
8-May-11,14:10,Melbourne,Adelaide,MCG
8-May-11,13:10,Essendon,West Coast,Marvel Stadium
7-May-11,19:10,Gold Coast,Brisbane,Gabba
7-May-11,16:10,Richmond,Fremantle,MCG
7-May-11,14:10,Geelong,North Melbourne,GMHBA Stadium
7-May-11,13:10,Western Bulldogs,Sydney,UNSW Canberra Oval
6-May-11,20:10,Port Adelaide,Hawthorn,AAMI Stadium
1-May-11,16:40,Collingwood,Western Bulldogs,MCG
1-May-11,13:10,Essendon,Gold Coast,Marvel Stadium
30-Apr-11,19:10,Adelaide,St Kilda,AAMI Stadium
30-Apr-11,19:10,Richmond,Brisbane,MCG
30-Apr-11,14:10,North Melbourne,Port Adelaide,Marvel Stadium
29-Apr-11,19:40,Sydney,Carlton,SCG
28-Apr-11,18:40,West Coast,Melbourne,Domain Stadium
26-Apr-11,14:40,Hawthorn,Geelong,MCG
25-Apr-11,18:40,Fremantle,Western Bulldogs,Domain Stadium
25-Apr-11,14:40,Essendon,Collingwood,MCG
24-Apr-11,16:40,North Melbourne,Richmond,Marvel Stadium
23-Apr-11,19:10,Carlton,Adelaide,Marvel Stadium
23-Apr-11,14:40,Port Adelaide,Gold Coast,AAMI Stadium
21-Apr-11,19:40,Brisbane,St Kilda,Gabba
17-Apr-11,14:40,Fremantle,North Melbourne,Domain Stadium
17-Apr-11,14:10,Gold Coast,Melbourne,Gabba
16-Apr-11,19:10,Port Adelaide,Adelaide,AAMI Stadium
16-Apr-11,19:10,Sydney,Geelong,SCG
16-Apr-11,14:10,Hawthorn,West Coast,University of Tasmania Stadium
16-Apr-11,14:10,Carlton,Essendon,MCG
15-Apr-11,19:40,Richmond,Collingwood,MCG
10-Apr-11,16:40,St Kilda,Essendon,Marvel Stadium
10-Apr-11,14:10,Geelong,Port Adelaide,GMHBA Stadium
10-Apr-11,13:10,Melbourne,Brisbane,MCG
9-Apr-11,19:10,Richmond,Hawthorn,MCG
9-Apr-11,18:10,West Coast,Sydney,Domain Stadium
9-Apr-11,14:40,Adelaide,Fremantle,AAMI Stadium
9-Apr-11,14:10,Western Bulldogs,Gold Coast,Marvel Stadium
8-Apr-11,19:50,Collingwood,Carlton,MCG
3-Apr-11,16:40,Hawthorn,Melbourne,MCG
3-Apr-11,14:10,Sydney,Essendon,ANZ Stadium
3-Apr-11,13:10,Western Bulldogs,Brisbane,Marvel Stadium
2-Apr-11,18:50,Gold Coast,Carlton,Gabba
2-Apr-11,17:40,Fremantle,Geelong,Domain Stadium
2-Apr-11,14:40,Port Adelaide,West Coast,AAMI Stadium
2-Apr-11,14:10,North Melbourne,Collingwood,Marvel Stadium
1-Apr-11,19:40,St Kilda,Richmond,MCG
27-Mar-11,16:10,West Coast,North Melbourne,Domain Stadium
27-Mar-11,14:10,Melbourne,Sydney,MCG
27-Mar-11,13:10,Essendon,Western Bulldogs,Marvel Stadium
26-Mar-11,19:10,Brisbane,Fremantle,Gabba
26-Mar-11,19:10,Adelaide,Hawthorn,AAMI Stadium
26-Mar-11,14:10,Collingwood,Port Adelaide,Marvel Stadium
25-Mar-11,19:45,Geelong,St Kilda,MCG
24-Mar-11,19:40,Carlton,Richmond,MCG
2-Oct-10,14:30,Collingwood,St Kilda,MCG
25-Sep-10,14:30,Collingwood,St Kilda,MCG
18-Sep-10,19:20,St Kilda,Western Bulldogs,MCG
17-Sep-10,19:45,Collingwood,Geelong,MCG
11-Sep-10,19:20,Western Bulldogs,Sydney,MCG
10-Sep-10,19:45,Geelong,Fremantle,MCG
5-Sep-10,14:40,Sydney,Carlton,ANZ Stadium
4-Sep-10,19:20,Collingwood,Western Bulldogs,MCG
4-Sep-10,13:20,Fremantle,Hawthorn,Domain Stadium
3-Sep-10,19:45,Geelong,St Kilda,MCG
29-Aug-10,16:40,Melbourne,North Melbourne,MCG
29-Aug-10,14:10,Richmond,Port Adelaide,Marvel Stadium
28-Aug-10,19:10,Western Bulldogs,Essendon,Marvel Stadium
28-Aug-10,19:10,Brisbane,Sydney,Gabba
28-Aug-10,15:40,Adelaide,St Kilda,AAMI Stadium
28-Aug-10,14:10,Hawthorn,Collingwood,MCG
28-Aug-10,13:10,Geelong,West Coast,GMHBA Stadium
27-Aug-10,18:40,Fremantle,Carlton,Domain Stadium
22-Aug-10,14:40,West Coast,North Melbourne,Domain Stadium
22-Aug-10,14:10,Essendon,Brisbane,Marvel Stadium
22-Aug-10,12:40,Port Adelaide,Melbourne,AAMI Stadium
21-Aug-10,19:10,Collingwood,Adelaide,MCG
21-Aug-10,19:10,Sydney,Western Bulldogs,SCG
21-Aug-10,14:10,St Kilda,Richmond,Marvel Stadium
21-Aug-10,14:10,Hawthorn,Fremantle,University of Tasmania Stadium
20-Aug-10,19:40,Geelong,Carlton,Marvel Stadium
15-Aug-10,16:40,North Melbourne,St Kilda,Marvel Stadium
15-Aug-10,14:10,Hawthorn,Melbourne,MCG
15-Aug-10,13:10,Brisbane,Adelaide,Gabba
14-Aug-10,19:10,Port Adelaide,West Coast,AAMI Stadium
14-Aug-10,19:10,Western Bulldogs,Geelong,Marvel Stadium
14-Aug-10,14:10,Carlton,Richmond,MCG
14-Aug-10,13:10,Fremantle,Sydney,Domain Stadium
13-Aug-10,19:40,Essendon,Collingwood,MCG
8-Aug-10,16:10,Adelaide,Western Bulldogs,AAMI Stadium
8-Aug-10,14:10,Melbourne,Richmond,MCG
8-Aug-10,13:10,St Kilda,Port Adelaide,Marvel Stadium
7-Aug-10,19:10,Geelong,Collingwood,MCG
7-Aug-10,17:40,West Coast,Brisbane,Domain Stadium
7-Aug-10,14:10,North Melbourne,Fremantle,Marvel Stadium
7-Aug-10,14:10,Sydney,Hawthorn,SCG
6-Aug-10,19:40,Essendon,Carlton,MCG
1-Aug-10,14:40,Fremantle,West Coast,Domain Stadium
1-Aug-10,14:10,Western Bulldogs,North Melbourne,Marvel Stadium
1-Aug-10,13:10,Richmond,Adelaide,MCG
31-Jul-10,19:10,Brisbane,Melbourne,Gabba
31-Jul-10,19:10,Sydney,Geelong,ANZ Stadium
31-Jul-10,14:40,Port Adelaide,Hawthorn,AAMI Stadium
31-Jul-10,14:10,Collingwood,Carlton,MCG
30-Jul-10,19:40,Essendon,St Kilda,Marvel Stadium
25-Jul-10,16:10,Port Adelaide,Adelaide,AAMI Stadium
25-Jul-10,14:10,Melbourne,Sydney,MCG
25-Jul-10,13:10,Western Bulldogs,Fremantle,Marvel Stadium
24-Jul-10,19:10,North Melbourne,Essendon,Marvel Stadium
24-Jul-10,17:40,West Coast,Carlton,Domain Stadium
24-Jul-10,14:10,Geelong,Brisbane,GMHBA Stadium
24-Jul-10,14:10,Collingwood,Richmond,MCG
23-Jul-10,19:40,St Kilda,Hawthorn,Marvel Stadium
18-Jul-10,14:40,Fremantle,Melbourne,Domain Stadium
18-Jul-10,14:10,Richmond,North Melbourne,MCG
18-Jul-10,13:10,Carlton,Sydney,Marvel Stadium
17-Jul-10,19:40,Western Bulldogs,Port Adelaide,TIO Stadium
17-Jul-10,19:10,Essendon,West Coast,Marvel Stadium
17-Jul-10,14:10,Hawthorn,Brisbane,University of Tasmania Stadium
17-Jul-10,14:10,Collingwood,St Kilda,MCG
16-Jul-10,20:10,Adelaide,Geelong,AAMI Stadium
11-Jul-10,16:40,Carlton,Western Bulldogs,Marvel Stadium
11-Jul-10,14:10,Melbourne,Essendon,MCG
11-Jul-10,13:10,Sydney,North Melbourne,SCG
10-Jul-10,19:10,Richmond,Fremantle,Marvel Stadium
10-Jul-10,19:10,Brisbane,St Kilda,Gabba
10-Jul-10,14:10,Geelong,Hawthorn,MCG
10-Jul-10,13:10,West Coast,Adelaide,Domain Stadium
9-Jul-10,20:10,Port Adelaide,Collingwood,AAMI Stadium
4-Jul-10,16:40,St Kilda,Melbourne,Marvel Stadium
4-Jul-10,14:10,Richmond,Sydney,MCG
4-Jul-10,13:10,Geelong,North Melbourne,GMHBA Stadium
3-Jul-10,19:10,Adelaide,Essendon,AAMI Stadium
3-Jul-10,19:10,Collingwood,West Coast,Marvel Stadium
3-Jul-10,13:10,Fremantle,Port Adelaide,Domain Stadium
2-Jul-10,19:40,Hawthorn,Western Bulldogs,MCG
1-Jul-10,19:10,Carlton,Brisbane,Marvel Stadium
27-Jun-10,14:40,Adelaide,Melbourne,AAMI Stadium
26-Jun-10,19:10,Sydney,Collingwood,ANZ Stadium
25-Jun-10,19:50,St Kilda,Geelong,MCG
20-Jun-10,14:40,West Coast,Western Bulldogs,Domain Stadium
20-Jun-10,13:10,North Melbourne,Port Adelaide,Marvel Stadium
19-Jun-10,19:10,Brisbane,Richmond,Gabba
19-Jun-10,19:10,Carlton,Fremantle,Marvel Stadium
18-Jun-10,19:40,Hawthorn,Essendon,MCG
14-Jun-10,14:10,Melbourne,Collingwood,MCG
13-Jun-10,14:40,Fremantle,St Kilda,Domain Stadium
13-Jun-10,14:10,Western Bulldogs,Brisbane,Marvel Stadium
13-Jun-10,13:10,Richmond,West Coast,MCG
12-Jun-10,19:10,Port Adelaide,Sydney,AAMI Stadium
12-Jun-10,19:10,Essendon,Geelong,Marvel Stadium
12-Jun-10,14:10,Hawthorn,Adelaide,University of Tasmania Stadium
11-Jun-10,19:40,North Melbourne,Carlton,Marvel Stadium
6-Jun-10,16:40,Collingwood,Western Bulldogs,Marvel Stadium
6-Jun-10,14:10,Hawthorn,Port Adelaide,MCG
6-Jun-10,13:10,Sydney,Essendon,SCG
5-Jun-10,19:10,North Melbourne,Brisbane,Marvel Stadium
5-Jun-10,17:40,West Coast,Geelong,Domain Stadium
5-Jun-10,14:40,Adelaide,Fremantle,AAMI Stadium
5-Jun-10,14:10,Carlton,Melbourne,MCG
4-Jun-10,19:40,Richmond,St Kilda,Marvel Stadium
30-May-10,14:40,Fremantle,North Melbourne,Domain Stadium
30-May-10,14:10,Carlton,West Coast,Marvel Stadium
30-May-10,13:10,Hawthorn,Sydney,MCG
29-May-10,19:10,St Kilda,Adelaide,Marvel Stadium
29-May-10,19:10,Brisbane,Collingwood,Gabba
29-May-10,14:40,Port Adelaide,Richmond,AAMI Stadium
29-May-10,14:10,Geelong,Melbourne,GMHBA Stadium
28-May-10,19:40,Essendon,Western Bulldogs,Marvel Stadium
23-May-10,14:40,West Coast,St Kilda,Domain Stadium
23-May-10,14:10,Carlton,Hawthorn,Marvel Stadium
23-May-10,12:40,Adelaide,Brisbane,AAMI Stadium
22-May-10,19:45,Essendon,Richmond,MCG
22-May-10,19:10,Melbourne,Port Adelaide,TIO Stadium
22-May-10,14:10,Sydney,Fremantle,SCG
22-May-10,14:10,North Melbourne,Western Bulldogs,Marvel Stadium
21-May-10,19:40,Collingwood,Geelong,MCG
16-May-10,16:40,St Kilda,Essendon,Marvel Stadium
16-May-10,14:40,Port Adelaide,Carlton,AAMI Stadium
16-May-10,13:10,Richmond,Hawthorn,MCG
15-May-10,19:10,North Melbourne,Adelaide,Marvel Stadium
15-May-10,19:10,Brisbane,Geelong,Gabba
15-May-10,14:10,Melbourne,West Coast,MCG
15-May-10,14:10,Western Bulldogs,Sydney,UNSW Canberra Oval
14-May-10,18:40,Fremantle,Collingwood,Domain Stadium
10-May-10,19:20,St Kilda,Carlton,Marvel Stadium
9-May-10,16:10,Adelaide,Richmond,AAMI Stadium
9-May-10,13:10,Geelong,Sydney,GMHBA Stadium
8-May-10,19:10,Collingwood,North Melbourne,MCG
8-May-10,19:10,Brisbane,Fremantle,Gabba
8-May-10,14:10,Essendon,Port Adelaide,Marvel Stadium
8-May-10,13:10,West Coast,Hawthorn,Domain Stadium
7-May-10,19:40,Melbourne,Western Bulldogs,MCG
2-May-10,14:40,West Coast,Fremantle,Domain Stadium
2-May-10,14:10,Carlton,Collingwood,MCG
2-May-10,13:10,Geelong,Richmond,GMHBA Stadium
1-May-10,19:10,Sydney,Brisbane,SCG
1-May-10,19:10,Essendon,Hawthorn,MCG
1-May-10,14:40,Adelaide,Port Adelaide,AAMI Stadium
1-May-10,14:10,North Melbourne,Melbourne,Marvel Stadium
30-Apr-10,19:40,Western Bulldogs,St Kilda,Marvel Stadium
26-Apr-10,14:10,Carlton,Geelong,MCG
25-Apr-10,18:45,Fremantle,Richmond,Domain Stadium
25-Apr-10,17:40,Hawthorn,North Melbourne,University of Tasmania Stadium
25-Apr-10,14:40,Collingwood,Essendon,MCG
24-Apr-10,19:15,Port Adelaide,St Kilda,AAMI Stadium
24-Apr-10,19:10,Melbourne,Brisbane,MCG
24-Apr-10,14:15,Sydney,West Coast,SCG
23-Apr-10,19:40,Western Bulldogs,Adelaide,Marvel Stadium
18-Apr-10,16:40,St Kilda,Fremantle,Marvel Stadium
18-Apr-10,14:10,Geelong,Port Adelaide,GMHBA Stadium
18-Apr-10,13:10,Richmond,Melbourne,MCG
17-Apr-10,19:10,Collingwood,Hawthorn,MCG
17-Apr-10,19:10,Brisbane,Western Bulldogs,Gabba
17-Apr-10,14:40,Adelaide,Carlton,AAMI Stadium
17-Apr-10,14:10,North Melbourne,Sydney,Marvel Stadium
16-Apr-10,18:40,West Coast,Essendon,Domain Stadium
11-Apr-10,14:40,Fremantle,Geelong,Domain Stadium
11-Apr-10,14:10,Western Bulldogs,Hawthorn,Marvel Stadium
11-Apr-10,13:10,Melbourne,Adelaide,MCG
10-Apr-10,19:10,Sydney,Richmond,SCG
10-Apr-10,19:10,Carlton,Essendon,MCG
10-Apr-10,14:40,Port Adelaide,Brisbane,AAMI Stadium
10-Apr-10,14:10,North Melbourne,West Coast,Marvel Stadium
9-Apr-10,19:40,St Kilda,Collingwood,Marvel Stadium
5-Apr-10,14:10,Hawthorn,Geelong,MCG
4-Apr-10,16:40,Richmond,Western Bulldogs,MCG
4-Apr-10,14:10,Essendon,Fremantle,Marvel Stadium
4-Apr-10,12:40,Adelaide,Sydney,AAMI Stadium
3-Apr-10,19:10,St Kilda,North Melbourne,Marvel Stadium
3-Apr-10,17:40,West Coast,Port Adelaide,Domain Stadium
3-Apr-10,14:10,Collingwood,Melbourne,MCG
1-Apr-10,19:40,Brisbane,Carlton,Gabba
28-Mar-10,17:10,Fremantle,Adelaide,Domain Stadium
28-Mar-10,14:10,Western Bulldogs,Collingwood,Marvel Stadium
28-Mar-10,12:40,Port Adelaide,North Melbourne,AAMI Stadium
27-Mar-10,19:10,Brisbane,West Coast,Gabba
27-Mar-10,19:10,Sydney,St Kilda,ANZ Stadium
27-Mar-10,14:10,Melbourne,Hawthorn,MCG
26-Mar-10,19:40,Geelong,Essendon,MCG
25-Mar-10,19:10,Richmond,Carlton,MCG
26-Sep-09,14:30,St Kilda,Geelong,MCG
19-Sep-09,19:30,Geelong,Collingwood,MCG
18-Sep-09,19:45,St Kilda,Western Bulldogs,MCG
12-Sep-09,19:30,Collingwood,Adelaide,MCG
11-Sep-09,19:45,Western Bulldogs,Brisbane,MCG
6-Sep-09,14:40,St Kilda,Collingwood,MCG
5-Sep-09,19:30,Brisbane,Carlton,Gabba
5-Sep-09,14:30,Geelong,Western Bulldogs,MCG
4-Sep-09,19:45,Adelaide,Essendon,AAMI Stadium
30-Aug-09,16:40,Collingwood,Western Bulldogs,Marvel Stadium
30-Aug-09,14:10,Melbourne,St Kilda,MCG
29-Aug-09,19:10,Port Adelaide,North Melbourne,AAMI Stadium
29-Aug-09,19:10,Sydney,Brisbane,SCG
29-Aug-09,16:10,Carlton,Adelaide,Marvel Stadium
29-Aug-09,14:10,Hawthorn,Essendon,MCG
29-Aug-09,13:10,Geelong,Fremantle,GMHBA Stadium
28-Aug-09,18:40,West Coast,Richmond,Domain Stadium
23-Aug-09,14:40,Fremantle,Essendon,Domain Stadium
23-Aug-09,14:10,Collingwood,Sydney,MCG
23-Aug-09,13:10,St Kilda,North Melbourne,Marvel Stadium
22-Aug-09,19:10,Brisbane,Port Adelaide,Gabba
22-Aug-09,19:10,Richmond,Hawthorn,MCG
22-Aug-09,14:40,Adelaide,West Coast,AAMI Stadium
22-Aug-09,14:10,Carlton,Melbourne,Marvel Stadium
21-Aug-09,19:40,Western Bulldogs,Geelong,Marvel Stadium
16-Aug-09,16:40,Essendon,St Kilda,Marvel Stadium
16-Aug-09,14:40,Port Adelaide,Carlton,AAMI Stadium
16-Aug-09,13:10,Melbourne,Fremantle,MCG
15-Aug-09,19:10,Brisbane,Western Bulldogs,Gabba
15-Aug-09,19:10,Sydney,Geelong,ANZ Stadium
15-Aug-09,14:10,West Coast,North Melbourne,Domain Stadium
15-Aug-09,14:10,Richmond,Collingwood,MCG
14-Aug-09,19:40,Hawthorn,Adelaide,MCG
9-Aug-09,14:40,Fremantle,Port Adelaide,Domain Stadium
9-Aug-09,14:10,Richmond,Sydney,MCG
9-Aug-09,13:10,North Melbourne,Melbourne,Marvel Stadium
8-Aug-09,19:10,Adelaide,Collingwood,AAMI Stadium
8-Aug-09,19:10,Essendon,Brisbane,MCG
8-Aug-09,14:10,Western Bulldogs,West Coast,Marvel Stadium
8-Aug-09,14:10,Hawthorn,St Kilda,University of Tasmania Stadium
7-Aug-09,19:40,Carlton,Geelong,MCG
2-Aug-09,14:40,Port Adelaide,Hawthorn,AAMI Stadium
2-Aug-09,14:40,West Coast,Essendon,Domain Stadium
2-Aug-09,13:10,Melbourne,Richmond,MCG
1-Aug-09,19:10,Collingwood,Brisbane,MCG
1-Aug-09,19:10,Sydney,St Kilda,SCG
1-Aug-09,14:10,Western Bulldogs,Fremantle,Marvel Stadium
1-Aug-09,14:10,Geelong,Adelaide,GMHBA Stadium
31-Jul-09,19:40,North Melbourne,Carlton,Marvel Stadium
26-Jul-09,16:10,Adelaide,Port Adelaide,AAMI Stadium
26-Jul-09,14:10,Essendon,Richmond,MCG
26-Jul-09,13:10,Melbourne,Sydney,UNSW Canberra Oval
25-Jul-09,19:10,Brisbane,North Melbourne,Gabba
25-Jul-09,19:10,St Kilda,Western Bulldogs,Marvel Stadium
25-Jul-09,14:10,Geelong,Hawthorn,MCG
25-Jul-09,14:10,Fremantle,West Coast,Domain Stadium
24-Jul-09,19:40,Carlton,Collingwood,MCG
19-Jul-09,16:40,St Kilda,Adelaide,Marvel Stadium
19-Jul-09,14:10,Richmond,North Melbourne,MCG
19-Jul-09,12:40,Port Adelaide,West Coast,AAMI Stadium
18-Jul-09,19:10,Collingwood,Hawthorn,MCG
18-Jul-09,17:40,Fremantle,Brisbane,Domain Stadium
18-Jul-09,14:10,Geelong,Melbourne,GMHBA Stadium
18-Jul-09,14:10,Carlton,Sydney,Marvel Stadium
17-Jul-09,19:40,Essendon,Western Bulldogs,Marvel Stadium
12-Jul-09,14:10,Melbourne,Port Adelaide,MCG
12-Jul-09,13:10,Hawthorn,North Melbourne,University of Tasmania Stadium
12-Jul-09,12:40,West Coast,St Kilda,Domain Stadium
11-Jul-09,19:10,Adelaide,Fremantle,AAMI Stadium
11-Jul-09,19:10,Brisbane,Geelong,Gabba
11-Jul-09,14:10,Carlton,Richmond,MCG
11-Jul-09,14:10,Sydney,Essendon,SCG
10-Jul-09,19:40,Western Bulldogs,Collingwood,Marvel Stadium
5-Jul-09,15:10,St Kilda,Geelong,Marvel Stadium
5-Jul-09,14:40,Fremantle,Carlton,Domain Stadium
5-Jul-09,13:10,Sydney,North Melbourne,SCG
4-Jul-09,19:10,Western Bulldogs,Hawthorn,Marvel Stadium
4-Jul-09,19:10,Richmond,Adelaide,Metricon Stadium
4-Jul-09,14:40,Port Adelaide,Brisbane,AAMI Stadium
4-Jul-09,14:10,Melbourne,West Coast,MCG
3-Jul-09,19:40,Collingwood,Essendon,MCG
28-Jun-09,16:40,St Kilda,Richmond,Marvel Stadium
28-Jun-09,14:10,North Melbourne,Western Bulldogs,MCG
28-Jun-09,13:10,Geelong,Port Adelaide,GMHBA Stadium
27-Jun-09,19:10,Brisbane,Melbourne,Gabba
27-Jun-09,17:40,West Coast,Hawthorn,Domain Stadium
27-Jun-09,14:40,Adelaide,Sydney,AAMI Stadium
27-Jun-09,14:10,Collingwood,Fremantle,MCG
26-Jun-09,19:40,Essendon,Carlton,MCG
21-Jun-09,14:40,Fremantle,Geelong,Domain Stadium
20-Jun-09,19:10,Sydney,Collingwood,ANZ Stadium
19-Jun-09,19:40,Essendon,Melbourne,Marvel Stadium
